,0,1,2,3,4,5,6,7,8,9,10,11,12,13,14,15,16,17,18,19,20,21,22,23,24,25,26,27,28,29,30,31,32,33,34,35,36,37,38,39
0,0.3249013423919678,-0.19171273708343506,-0.07886528968811035,-0.5674773454666138,0.8159514665603638,0.5396279096603394,-0.2808040380477905,0.4674907922744751,0.78542160987854,-0.3444244861602783,0.5384382009506226,-0.7515926361083984,-0.8044277429580688,0.22775399684906006,-0.2853280305862427,0.022940993309020996,0.7760592699050903,-0.1336148977279663,0.2860502004623413,0.7460395097732544,-0.7815277576446533,0.13278257846832275,-0.29418015480041504,-0.537938117980957,-0.2639883756637573,0.6513824462890625,0.7502840757369995,-0.5116121768951416,-0.02961587905883789,-0.4384572505950928,-0.7186969518661499,-0.2777411937713623,-0.8065850734710693,-0.2974414825439453,0.5393350124359131,0.016943693161010742,0.20466673374176025,-0.7157719135284424,0.05624699592590332,-0.6940947771072388
1,0.3773777484893799,-0.24418924748897552,-0.1313418447971344,-0.5150007605552673,0.7634749412536621,0.4871513843536377,-0.3332805335521698,0.41501426696777344,0.7329450249671936,-0.2919480502605438,0.590914785861969,-0.6991161108016968,-0.7519511580467224,0.1752774864435196,-0.33780449628829956,-0.029535530135035515,0.7235826849937439,-0.08113836497068405,0.23357369005680084,0.6935630440711975,-0.7290512323379517,0.0803060382604599,-0.3466566503047943,-0.48546159267425537,-0.316464900970459,0.5989059209823608,0.8027606010437012,-0.5640887022018433,-0.08209192752838135,-0.3859807550907135,-0.7711734771728516,-0.33021771907806396,-0.7541086673736572,-0.24496494233608246,0.4868585169315338,0.0694202408194542,0.1521902084350586,-0.7682484984397888,0.10872354358434677,-0.7465713620185852
2,0.4216959476470947,-0.23867928981781006,-0.17017219960689545,-0.4758065640926361,0.7193605899810791,0.4455832839012146,-0.37941232323646545,0.3811216652393341,0.6942870616912842,-0.3387204110622406,0.6289076805114746,-0.6569541692733765,-0.7121484875679016,0.1256101131439209,-0.38857346773147583,-0.07344543188810349,0.6865661144256592,-0.05691087245941162,0.19715549051761627,0.6940780282020569,-0.6949897408485413,0.03896067664027214,-0.3856982886791229,-0.4469641149044037,-0.35570192337036133,0.5555533766746521,0.8380902409553528,-0.6032265424728394,-0.04043080285191536,-0.3416920304298401,-0.8190402984619141,-0.3627488613128662,-0.7120473384857178,-0.2047913372516632,0.4450252056121826,0.10431936383247375,0.12281721085309982,-0.8060691356658936,0.14832796156406403,-0.7859922051429749
3,0.4724721312522888,-0.2176176756620407,-0.20648622512817383,-0.4429782032966614,0.6765961647033691,0.40823203325271606,-0.4246978461742401,0.3752078711986542,0.6617749929428101,-0.3842753469944,0.6631729602813721,-0.6114276051521301,-0.6724929213523865,0.07997848093509674,-0.43567246198654175,-0.11143679171800613,0.6591498255729675,-0.04782777652144432,0.16193190217018127,0.6957411170005798,-0.6676710844039917,-0.0011323550716042519,-0.41805437207221985,-0.4092271327972412,-0.38874635100364685,0.5141929388046265,0.8632569909095764,-0.629037082195282,0.011035718955099583,-0.30187514424324036,-0.8606080412864685,-0.38357657194137573,-0.6643933653831482,-0.165923073887825,0.4026556611061096,0.13726472854614258,0.0983082726597786,-0.8406780362129211,0.1840282827615738,-0.8205965161323547
4,0.51710045337677,-0.18856775760650635,-0.24097450077533722,-0.41539910435676575,0.6384373307228088,0.3726107180118561,-0.4692327082157135,0.3950984477996826,0.6338427066802979,-0.42691224813461304,0.6951112151145935,-0.5698936581611633,-0.6314747929573059,0.037949662655591965,-0.4798855483531952,-0.14005503058433533,0.6380306482315063,-0.048038043081760406,0.13190680742263794,0.7054364681243896,-0.6329942345619202,-0.03983547165989876,-0.4489542543888092,-0.3739285171031952,-0.4170289933681488,0.47598138451576233,0.883018970489502,-0.6419045329093933,0.06591851264238358,-0.2658694386482239,-0.8982864618301392,-0.3937435448169708,-0.6265421509742737,-0.12822602689266205,0.3620342016220093,0.1697416454553604,0.07175947725772858,-0.8739301562309265,0.21323281526565552,-0.8517628312110901
5,0.549453854560852,-0.15612344443798065,-0.27338308095932007,-0.39461761713027954,0.6084906458854675,0.3388476073741913,-0.5116869211196899,0.42699986696243286,0.6113407611846924,-0.46247345209121704,0.724765956401825,-0.5363539457321167,-0.5889043807983398,0.0007105041295289993,-0.519867479801178,-0.1515188366174698,0.6219803690910339,-0.05043984204530716,0.11123952269554138,0.6976465582847595,-0.5900214910507202,-0.07503978908061981,-0.47863107919692993,-0.34447187185287476,-0.440130352973938,0.4451049566268921,0.9020936489105225,-0.6416045427322388,0.12271858006715775,-0.23331743478775024,-0.9298487305641174,-0.3914896249771118,-0.596821665763855,-0.092066690325737,0.32435721158981323,0.20109029114246368,0.03918152675032616,-0.9056199193000793,0.2325957715511322,-0.8798413276672363
6,0.5631244778633118,-0.11848196387290955,-0.3032113015651703,-0.3811410367488861,0.5917361378669739,0.30815625190734863,-0.5510798692703247,0.4610040485858917,0.5948125123977661,-0.48742368817329407,0.7515119314193726,-0.5168576240539551,-0.5456715822219849,-0.031223397701978683,-0.5542308688163757,-0.14375834167003632,0.6096410155296326,-0.05137360095977783,0.10694459825754166,0.672846257686615,-0.5389866828918457,-0.10327059030532837,-0.508191704750061,-0.3227600157260895,-0.45842671394348145,0.42690691351890564,0.9225031733512878,-0.6346316933631897,0.1802198439836502,-0.20655612647533417,-0.9536239504814148,-0.37932729721069336,-0.5731095671653748,-0.058086104691028595,0.29139646887779236,0.23134569823741913,0.005844758823513985,-0.9349815249443054,0.2388230711221695,-0.9044790863990784
7,0.5583399534225464,-0.07673367857933044,-0.3305233120918274,-0.37446847558021545,0.5909504294395447,0.28112679719924927,-0.5864965319633484,0.4937766194343567,0.5847499370574951,-0.5022501349449158,0.7749506831169128,-0.5132141709327698,-0.5023223757743835,-0.05787725746631622,-0.5816917419433594,-0.1238364651799202,0.6006197333335876,-0.05318623036146164,0.12007222324609756,0.637513279914856,-0.4829569160938263,-0.12183370441198349,-0.5347754955291748,-0.30885279178619385,-0.4726376533508301,0.42341503500938416,0.943667471408844,-0.6270166039466858,0.23789167404174805,-0.18404559791088104,-0.9677948355674744,-0.36089956760406494,-0.5447075366973877,-0.026435725390911102,0.26266154646873474,0.26086899638175964,-0.020794346928596497,-0.9614734053611755,0.23283709585666656,-0.9259278774261475
8,0.5399093627929688,-0.032080963253974915,-0.35548585653305054,-0.3732750713825226,0.6041638255119324,0.2570761442184448,-0.6176646947860718,0.5257800817489624,0.5809149742126465,-0.5127801895141602,0.7948125600814819,-0.5218052864074707,-0.45918703079223633,-0.0799521878361702,-0.6023459434509277,-0.10130885243415833,0.5943328142166138,-0.058326803147792816,0.14710594713687897,0.6026834845542908,-0.42459118366241455,-0.13011792302131653,-0.5554378628730774,-0.30159077048301697,-0.4836511015892029,0.43173855543136597,0.9643900394439697,-0.619429886341095,0.29575085639953613,-0.16292080283164978,-0.9726214408874512,-0.33838069438934326,-0.5094957947731018,0.0028127729892730713,0.23702915012836456,0.2900523543357849,-0.03529520332813263,-0.9848218560218811,0.21806734800338745,-0.9450961351394653
9,0.513001024723053,0.012463856488466263,-0.3781268000602722,-0.37612617015838623,0.6258730888366699,0.2348886877298355,-0.6447104215621948,0.5588757395744324,0.5822531580924988,-0.5237777829170227,0.8109180927276611,-0.5367397665977478,-0.4165455996990204,-0.09812954068183899,-0.6181369423866272,-0.08286714553833008,0.5900683403015137,-0.06676232814788818,0.18367071449756622,0.5695167183876038,-0.3670934736728668,-0.12898468971252441,-0.5696112513542175,-0.29884985089302063,-0.4925801753997803,0.4472854435443878,0.9826133251190186,-0.6082198023796082,0.354215145111084,-0.14171092212200165,-0.9705761671066284,-0.3114106357097626,-0.4723970890045166,0.029442336410284042,0.21406720578670502,0.31895795464515686,-0.038180574774742126,-1.0047699213027954,0.19772855937480927,-0.9628822803497314
10,0.48173004388809204,0.053068146109580994,-0.398287832736969,-0.3815556764602661,0.650917112827301,0.2139938920736313,-0.6678974032402039,0.5939061045646667,0.5872122645378113,-0.5365486145019531,0.8230881094932556,-0.553983747959137,-0.37488120794296265,-0.11283667385578156,-0.6320563554763794,-0.07299084216356277,0.5869302153587341,-0.07782112807035446,0.22665899991989136,0.536980152130127,-0.3128489553928375,-0.11931179463863373,-0.577815055847168,-0.29818791151046753,-0.5008378028869629,0.4667668044567108,0.9955868124961853,-0.5897247791290283,0.4134853780269623,-0.12055757641792297,-0.9655693769454956,-0.27897703647613525,-0.4399721920490265,0.052977193146944046,0.1947949081659317,0.3476221561431885,-0.03280321881175041,-1.0210254192352295,0.17402058839797974,-0.9797095656394958
11,0.44905540347099304,0.08546493202447891,-0.41590645909309387,-0.3884299695491791,0.675919234752655,0.19420361518859863,-0.6872228980064392,0.6298413276672363,0.5944861173629761,-0.550530731678009,0.8315173983573914,-0.5719585418701172,-0.3348292112350464,-0.1241917610168457,-0.6466472148895264,-0.07416650652885437,0.5840582251548767,-0.09169322997331619,0.27321669459342957,0.49938714504241943,-0.26300233602523804,-0.10207759588956833,-0.5792276859283447,-0.2977656126022339,-0.5097380876541138,0.4882003366947174,1.0018805265426636,-0.563068151473999,0.47339311242103577,-0.09926790744066238,-0.9611341953277588,-0.24078847467899323,-0.41580894589424133,0.0730113834142685,0.18049299716949463,0.37581637501716614,-0.021613191813230515,-1.0334961414337158,0.14855991303920746,-0.9956636428833008
12,0.41748636960983276,0.1075405478477478,-0.43115106225013733,-0.3957328200340271,0.6988313794136047,0.17569395899772644,-0.7030814290046692,0.6652407050132751,0.6033487915992737,-0.5646683573722839,0.8365824222564697,-0.5908578038215637,-0.29713550209999084,-0.13256807625293732,-0.6636815071105957,-0.08744294196367264,0.580568790435791,-0.10837503522634506,0.32121148705482483,0.459197074174881,-0.21749064326286316,-0.07890698313713074,-0.5740174651145935,-0.29629620909690857,-0.5199807286262512,0.510498583316803,1.0009702444076538,-0.5297815799713135,0.5335041880607605,-0.07750321924686432,-0.9599511623382568,-0.19747555255889893,-0.4021817743778229,0.08944109827280045,0.17211444675922394,0.40358877182006836,-0.005289072636514902,-1.0425300598144531,0.12185840308666229,-1.0106300115585327
13,0.3886783719062805,0.11887688934803009,-0.4445893466472626,-0.4030546247959137,0.7184063196182251,0.15854932367801666,-0.7157392501831055,0.698713481426239,0.6139550805091858,-0.5782674551010132,0.8391327857971191,-0.6109323501586914,-0.2625764310359955,-0.13846294581890106,-0.6835141777992249,-0.11080025136470795,0.5759636163711548,-0.12702754139900208,0.36823245882987976,0.4126851558685303,-0.1756855696439743,-0.05231652781367302,-0.5620056390762329,-0.2933594882488251,-0.5314959287643433,0.5331718325614929,0.9939988255500793,-0.4925857186317444,0.5934411883354187,-0.05424405261874199,-0.9627203345298767,-0.14965853095054626,-0.3963193893432617,0.10270287841558456,0.16894446313381195,0.4306797683238983,0.01510645356029272,-1.0488359928131104,0.09402206540107727,-1.024456262588501
14,0.3648293614387512,0.12394719570875168,-0.4568979740142822,-0.409729540348053,0.7335729598999023,0.14334073662757874,-0.7261963486671448,0.7299924492835999,0.6267692446708679,-0.5909257531166077,0.8396092057228088,-0.6318411231040955,-0.23209302127361298,-0.14279676973819733,-0.7058538794517517,-0.14134182035923004,0.5697270035743713,-0.1456322968006134,0.4126865565776825,0.37224268913269043,-0.13689222931861877,-0.024715542793273926,-0.5457339286804199,-0.2889596223831177,-0.5435285568237305,0.5558637976646423,0.981387734413147,-0.4536071717739105,0.6525789499282837,-0.029643569141626358,-0.9694012999534607,-0.09824511408805847,-0.3975374400615692,0.11349974572658539,0.16983936727046967,0.4574021100997925,0.03832746297121048,-1.0531604290008545,0.06452827155590057,-1.036977767944336
15,0.34588903188705444,0.12566882371902466,-0.4689015746116638,-0.4159671664237976,0.7439072728157043,0.130048930644989,-0.7343157529830933,0.7583761215209961,0.6424158811569214,-0.6022481322288513,0.8391804099082947,-0.6528776288032532,-0.20666153728961945,-0.14602307975292206,-0.7289970517158508,-0.17388541996479034,0.561812698841095,-0.16174638271331787,0.4518168568611145,0.3247232735157013,-0.1008535772562027,0.0013206512667238712,-0.5248663425445557,-0.28406983613967896,-0.5552121996879578,0.578879177570343,0.9662634134292603,-0.4154648780822754,0.7103514075279236,-0.003962955437600613,-0.9779787659645081,-0.0438762903213501,-0.40018022060394287,0.12298720329999924,0.1719929277896881,0.48283472657203674,0.06157982349395752,-1.0560781955718994,0.034172847867012024,-1.048067569732666
16,0.3343341648578644,0.132151797413826,-0.4810006618499756,-0.4203871190547943,0.7485822439193726,0.11982697248458862,-0.7417794466018677,0.7850960493087769,0.660531759262085,-0.6121021509170532,0.8373981714248657,-0.6726784706115723,-0.18732589483261108,-0.14907050132751465,-0.7523329854011536,-0.2068394422531128,0.5521281957626343,-0.17469573020935059,0.48507389426231384,0.30356231331825256,-0.06847971677780151,0.02504565753042698,-0.5047931671142578,-0.2790037989616394,-0.5654959678649902,0.6014290452003479,0.9477165937423706,-0.37872135639190674,0.7655286192893982,0.020162492990493774,-0.988200843334198,0.011969642713665962,-0.40799480676651,0.13201314210891724,0.17464900016784668,0.5076925754547119,0.08355729281902313,-1.057727336883545,0.0027842801064252853,-1.057483434677124
17,0.3235950469970703,0.1378379613161087,-0.49361592531204224,-0.4244767725467682,0.7492681741714478,0.1110750138759613,-0.7465468049049377,0.8083792328834534,0.6808756589889526,-0.6197317838668823,0.836583137512207,-0.6926703453063965,-0.17459523677825928,-0.1517716348171234,-0.7734377384185791,-0.2347090244293213,0.5410701632499695,-0.18353262543678284,0.5096713304519653,0.2437037080526352,-0.03954068571329117,0.04378976672887802,-0.48074641823768616,-0.2751534581184387,-0.5744008421897888,0.6252933144569397,0.9328534007072449,-0.34764671325683594,0.8180714249610901,0.04252449423074722,-0.9965729117393494,0.06891173124313354,-0.4106874167919159,0.14196625351905823,0.17442385852336884,0.5288666486740112,0.1021440178155899,-1.0583966970443726,-0.02674485370516777,-1.065006136894226
18,0.32452091574668884,0.1602790355682373,-0.5063822269439697,-0.4235987067222595,0.7441746592521667,0.10747713595628738,-0.753765344619751,0.8331324458122253,0.7013494968414307,-0.6274127960205078,0.8325870037078857,-0.7080408930778503,-0.16899538040161133,-0.15538130700588226,-0.794317901134491,-0.26358509063720703,0.529597818851471,-0.19369034469127655,0.529982328414917,0.2807595729827881,-0.01784060336649418,0.06148030236363411,-0.4652538001537323,-0.2709401845932007,-0.5804873704910278,0.6461430191993713,0.9112949967384338,-0.3170108199119568,0.8654924035072327,0.05923333764076233,-1.0073612928390503,0.12438462674617767,-0.42516016960144043,0.15264596045017242,0.17547985911369324,0.5510829091072083,0.11871448904275894,-1.057395339012146,-0.05687187612056732,-1.0702922344207764
19,0.30690616369247437,0.15970736742019653,-0.5197155475616455,-0.42638009786605835,0.7407807111740112,0.1010313630104065,-0.7537307143211365,0.8504337668418884,0.7226059436798096,-0.629131019115448,0.834542453289032,-0.7313783764839172,-0.1692790985107422,-0.15871939063072205,-0.8097876906394958,-0.2796165943145752,0.5164873003959656,-0.19887742400169373,0.5399566292762756,0.17745453119277954,0.0038630468770861626,0.06860392540693283,-0.43522214889526367,-0.26977816224098206,-0.586941659450531,0.6737536191940308,0.9077240228652954,-0.30262118577957153,0.9120240807533264,0.07498940825462341,-1.0111944675445557,0.1806059330701828,-0.4179129898548126,0.1662144660949707,0.1687173992395401,0.5634239315986633,0.1326219141483307,-1.0562129020690918,-0.07969188690185547,-1.0733773708343506
20,0.3247109055519104,0.20454707741737366,-0.5323985815048218,-0.4174744188785553,0.727641224861145,0.10551176965236664,-0.7644586563110352,0.8775475025177002,0.7405588626861572,-0.6405736804008484,0.8259239196777344,-0.736829400062561,-0.1758621633052826,-0.16357210278511047,-0.8258456587791443,-0.3090374171733856,0.5064455270767212,-0.21426723897457123,0.5556633472442627,0.2477872371673584,0.010441344231367111,0.08193716406822205,-0.4325030744075775,-0.2641603946685791,-0.5887284278869629,0.6897487640380859,0.8783215284347534,-0.2755570113658905,0.9494667649269104,0.08171438425779343,-1.0234419107437134,0.23052890598773956,-0.44629967212677,0.17967253923416138,0.17233744263648987,0.5834166407585144,0.14626415073871613,-1.052334189414978,-0.10665997117757797,-1.0737367868423462
21,0.29493027925491333,0.1953265517950058,-0.5461216568946838,-0.41742685437202454,0.7267802357673645,0.10217559337615967,-0.7602397203445435,0.8899266719818115,0.7589812278747559,-0.6350919604301453,0.8302111029624939,-0.7643250823020935,-0.1860101968050003,-0.1674555242061615,-0.8371440768241882,-0.3143214285373688,0.49255624413490295,-0.2212875634431839,0.5553573966026306,0.16021323204040527,0.025135334581136703,0.08075205236673355,-0.3905612826347351,-0.26830652356147766,-0.5922034978866577,0.7205814719200134,0.8858632445335388,-0.27780333161354065,0.9895550608634949,0.09355146437883377,-1.0269932746887207,0.2833622097969055,-0.43115127086639404,0.19753359258174896,0.1600036472082138,0.5912249684333801,0.153346985578537,-1.0488208532333374,-0.1212313175201416,-1.073622226715088
22,0.3176255226135254,0.2418850064277649,-0.5582160353660583,-0.4045037031173706,0.7094845175743103,0.11184941232204437,-0.7729901075363159,0.9180048704147339,0.7721841335296631,-0.6484769582748413,0.8206407427787781,-0.7629331350326538,-0.19999994337558746,-0.17448027431964874,-0.8433236479759216,-0.34383395314216614,0.4840787649154663,-0.24052958190441132,0.5713481307029724,0.2010698765516281,0.023854732513427734,0.08471254259347916,-0.3975154757499695,-0.2603102922439575,-0.592446506023407,0.7365319132804871,0.8554428219795227,-0.25769156217575073,1.0197080373764038,0.08858364820480347,-1.037459135055542,0.3258156180381775,-0.4581364691257477,0.2142723798751831,0.164923757314682,0.6053913831710815,0.1741332709789276,-1.0436488389968872,-0.14287151396274567,-1.069718360900879
23,0.2877989411354065,0.2394248992204666,-0.5717345476150513,-0.39901354908943176,0.710699200630188,0.11390506476163864,-0.7683793306350708,0.9289030432701111,0.7857906222343445,-0.6468819975852966,0.8239355087280273,-0.7881546020507812,-0.21522639691829681,-0.17585034668445587,-0.8507727384567261,-0.34545305371284485,0.4701607823371887,-0.2508661150932312,0.5672101378440857,0.1403474360704422,0.028241869062185287,0.08171114325523376,-0.3484957814216614,-0.26998957991600037,-0.5925112962722778,0.7633340358734131,0.8625860214233398,-0.2671933174133301,1.0528608560562134,0.10472673922777176,-1.0464181900024414,0.3714595139026642,-0.45473700761795044,0.235285222530365,0.1529901772737503,0.614233136177063,0.1633514165878296,-1.0372090339660645,-0.15095193684101105,-1.0681382417678833
24,0.31004786491394043,0.27675381302833557,-0.5829196572303772,-0.38429850339889526,0.6923938989639282,0.1286841779947281,-0.7825667858123779,0.9567102193832397,0.7936837673187256,-0.6501871347427368,0.8157182931900024,-0.7799376845359802,-0.23284952342510223,-0.1877252608537674,-0.8461672067642212,-0.3747608959674835,0.46323415637016296,-0.27153080701828003,0.5841609835624695,0.1615539789199829,0.028688639402389526,0.07540333271026611,-0.36113670468330383,-0.2602260112762451,-0.5925713181495667,0.783596932888031,0.8319591283798218,-0.2532079219818115,1.0763843059539795,0.08416685461997986,-1.055879831314087,0.4053780734539032,-0.4620731770992279,0.2549310028553009,0.15702639520168304,0.6244450807571411,0.2020169049501419,-1.031831979751587,-0.1676354706287384,-1.0618603229522705
25,0.27650389075279236,0.28026753664016724,-0.595611572265625,-0.37481391429901123,0.6960645318031311,0.13422417640686035,-0.7776476144790649,0.9651140570640564,0.802614688873291,-0.6647236347198486,0.8192591071128845,-0.8052672743797302,-0.24907344579696655,-0.1833590269088745,-0.8493987321853638,-0.3733920156955719,0.44691014289855957,-0.2856031358242035,0.5766609907150269,0.11387631297111511,0.022647224366664886,0.07213626801967621,-0.3026163578033447,-0.2773869037628174,-0.5902054309844971,0.7990261912345886,0.8397547006607056,-0.2686682343482971,1.1046136617660522,0.11456615477800369,-1.0713669061660767,0.44244036078453064,-0.4846603274345398,0.2780800461769104,0.14636245369911194,0.6351837515830994,0.1626865118741989,-1.022875428199768,-0.17012277245521545,-1.0608164072036743
26,0.3069571852684021,0.3055514097213745,-0.6053482294082642,-0.3594715893268585,0.6752882599830627,0.15605229139328003,-0.7953922152519226,0.994005024433136,0.805269718170166,-0.64228755235672,0.8120719790458679,-0.784526526927948,-0.26806506514549255,-0.20416615903377533,-0.8326537013053894,-0.4054074287414551,0.4431331157684326,-0.3021622896194458,0.5978408455848694,0.12399302423000336,0.031972736120224,0.0557505302131176,-0.3273511528968811,-0.26128581166267395,-0.5921593308448792,0.829267144203186,0.8017488718032837,-0.25551867485046387,1.1202391386032104,0.07261943072080612,-1.0795719623565674,0.46629786491394043,-0.45276662707328796,0.29952704906463623,0.1504029929637909,0.6421077847480774,0.22670207917690277,-1.0182485580444336,-0.18259502947330475,-1.052626609802246
27,0.2609727680683136,0.3169102072715759,-0.616145670413971,-0.3474835753440857,0.6833072304725647,0.1614200919866562,-0.7879902124404907,0.9946839213371277,0.8110100030899048,-0.691321849822998,0.81803297996521,-0.8167330026626587,-0.2827354073524475,-0.19068187475204468,-0.8343231678009033,-0.39994508028030396,0.42056864500045776,-0.32329031825065613,0.5843460559844971,0.08246022462844849,0.013065168634057045,0.05491266027092934,-0.25391140580177307,-0.2928680181503296,-0.5877253413200378,0.821043848991394,0.8181206583976746,-0.2801094055175781,1.1466513872146606,0.12616677582263947,-1.1026560068130493,0.49491554498672485,-0.5200361013412476,0.3240586519241333,0.14108264446258545,0.655048668384552,0.16064263880252838,-1.0069196224212646,-0.1807841658592224,-1.055123209953308
28,0.3073171079158783,0.3237578868865967,-0.6244606971740723,-0.333589106798172,0.6583646535873413,0.19186876714229584,-0.8112280368804932,1.0291107892990112,0.8087883591651917,-0.627011239528656,0.8102323412895203,-0.7782434821128845,-0.30230313539505005,-0.2219257652759552,-0.8048694133758545,-0.4348500370979309,0.4227471649646759,-0.32579001784324646,0.6117380261421204,0.08708074688911438,0.03539413586258888,0.0288701131939888,-0.2944677770137787,-0.2613469958305359,-0.593925952911377,0.8720747232437134,0.7648314237594604,-0.260772168636322,1.151769995689392,0.06489110738039017,-1.1079182624816895,0.5088292360305786,-0.4436672627925873,0.34573042392730713,0.14528271555900574,0.6591105461120605,0.2345580756664276,-1.003184199333191,-0.18748316168785095,-1.0431804656982422
29,0.24896173179149628,0.3489355742931366,-0.6319506168365479,-0.3203900158405304,0.669994056224823,0.19490326941013336,-0.8000606894493103,1.0157301425933838,0.8132337927818298,-0.7059480547904968,0.8209924101829529,-0.8198307156562805,-0.3146000802516937,-0.20340391993522644,-0.8066794872283936,-0.4287932813167572,0.39364612102508545,-0.36148762702941895,0.5927120447158813,0.04760413616895676,0.005265976767987013,0.03055860474705696,-0.21274951100349426,-0.3114447593688965,-0.5872305035591125,0.8344205617904663,0.7961300015449524,-0.2978738248348236,1.1795988082885742,0.13054895401000977,-1.1367123126983643,0.5295001864433289,-0.527909517288208,0.3713846504688263,0.13757170736789703,0.6726467609405518,0.16803817451000214,-0.9906505942344666,-0.1855016052722931,-1.05222487449646
30,0.30099499225616455,0.3390446901321411,-0.638251006603241,-0.3082773685455322,0.6431795358657837,0.2304367572069168,-0.8264025449752808,1.0557681322097778,0.8073325753211975,-0.6307955980300903,0.8106598258018494,-0.771094799041748,-0.33393624424934387,-0.23719312250614166,-0.7702109813690186,-0.46003052592277527,0.3978893756866455,-0.34219351410865784,0.6227440237998962,0.052047330886125565,0.03476567938923836,-0.0006099154707044363,-0.2543979287147522,-0.2678651511669159,-0.5984171628952026,0.8942656517028809,0.7326121926307678,-0.273184597492218,1.1760213375091553,0.07191034406423569,-1.1401753425598145,0.5354810953140259,-0.45721691846847534,0.3914509117603302,0.14189870655536652,0.6748442649841309,0.22866055369377136,-0.9867339730262756,-0.18461158871650696,-1.0359349250793457
31,0.2493891417980194,0.36832645535469055,-0.642479419708252,-0.29648423194885254,0.6545392274856567,0.23538953065872192,-0.8152691125869751,1.0353461503982544,0.8110418319702148,-0.6972639560699463,0.8256984353065491,-0.8099783062934875,-0.344576895236969,-0.22229638695716858,-0.7679881453514099,-0.4597014784812927,0.3698770999908447,-0.38906869292259216,0.60282301902771,0.012039443477988243,0.00493369298055768,-0.0012015884276479483,-0.18262770771980286,-0.3193180561065674,-0.5914494395256042,0.854385495185852,0.766946017742157,-0.3149028420448303,1.2022603750228882,0.12967924773693085,-1.1693339347839355,0.5491520762443542,-0.5206779837608337,0.417075514793396,0.13587045669555664,0.686889111995697,0.1769239902496338,-0.9744881987571716,-0.18350481986999512,-1.0472625494003296
32,0.29055994749069214,0.35888582468032837,-0.6457306146621704,-0.2850082516670227,0.6298879981040955,0.2698565125465393,-0.8390205502510071,1.0694520473480225,0.8045380115509033,-0.6402711868286133,0.8165619969367981,-0.7655239105224609,-0.3623267710208893,-0.2527778446674347,-0.7325188517570496,-0.4833441376686096,0.3725397288799286,-0.361176460981369,0.6288163661956787,0.017261773347854614,0.030823756009340286,-0.03114227205514908,-0.21086177229881287,-0.28241050243377686,-0.6037569642066956,0.8998192548751831,0.7112614512443542,-0.29513099789619446,1.1972092390060425,0.08817475289106369,-1.1729933023452759,0.550551176071167,-0.4691845178604126,0.4351910650730133,0.14022047817707062,0.6880336999893188,0.2192569524049759,-0.9698894023895264,-0.17842426896095276,-1.0318822860717773
33,0.2524690628051758,0.38041263818740845,-0.646802544593811,-0.2754111588001251,0.636771023273468,0.2787471115589142,-0.8314402103424072,1.0524940490722656,0.806900680065155,-0.6837552189826965,0.8313944935798645,-0.7939759492874146,-0.37213996052742004,-0.24473494291305542,-0.7249546051025391,-0.4885653555393219,0.34968945384025574,-0.4046880304813385,0.6127592325210571,-0.019703635945916176,0.008753398433327675,-0.03735577315092087,-0.1565777063369751,-0.3218831419944763,-0.5999215841293335,0.8703034520149231,0.7360684871673584,-0.3328702747821808,1.2187488079071045,0.13339121639728546,-1.199286699295044,0.5589498281478882,-0.5130406022071838,0.4584503769874573,0.13614140450954437,0.6976099610328674,0.18182134628295898,-0.9587887525558472,-0.17650455236434937,-1.0403794050216675
34,0.28155261278152466,0.3762541115283966,-0.6469045281410217,-0.26516056060791016,0.6162835359573364,0.3095117509365082,-0.8498873114585876,1.076181411743164,0.8017738461494446,-0.6421148777008057,0.8260509371757507,-0.7578177452087402,-0.3876763582229614,-0.27104610204696655,-0.6937553286552429,-0.5063716173171997,0.35143837332725525,-0.37777194380760193,0.6318730115890503,-0.015417609363794327,0.028235498815774918,-0.06409671157598495,-0.1723063439130783,-0.29684579372406006,-0.6108149290084839,0.9011796116828918,0.6938220858573914,-0.32084280252456665,1.2161823511123657,0.10845692455768585,-1.203494668006897,0.5582216382026672,-0.4747811257839203,0.47448843717575073,0.14031966030597687,0.6983664035797119,0.21013426780700684,-0.9534482359886169,-0.16978317499160767,-1.0282504558563232
35,0.2530568242073059,0.39052361249923706,-0.6449992656707764,-0.25746163725852966,0.6184642314910889,0.3207032382488251,-0.8449945449829102,1.0639084577560425,0.8031933307647705,-0.6688232421875,0.8392921090126038,-0.777539074420929,-0.39691251516342163,-0.2691788673400879,-0.6832942366600037,-0.5149945616722107,0.33429014682769775,-0.4135618507862091,0.620286226272583,-0.04621366411447525,0.012981612235307693,-0.07523826509714127,-0.13298164308071136,-0.3255147337913513,-0.610149621963501,0.8794575929641724,0.7098544836044312,-0.3533034324645996,1.234025001525879,0.14487287402153015,-1.2255477905273438,0.5633202791213989,-0.5067501068115234,0.49432921409606934,0.13768044114112854,0.7056131362915039,0.18305091559886932,-0.9435646533966064,-0.16711266338825226,-1.0337262153625488
36,0.27417242527008057,0.3900221884250641,-0.6423045992851257,-0.24872328341007233,0.6015838384628296,0.34762483835220337,-0.8580178618431091,1.0796602964401245,0.7996839284896851,-0.6356290578842163,0.8373603224754333,-0.748258650302887,-0.4104970097541809,-0.2923002243041992,-0.656970739364624,-0.5289736390113831,0.33684414625167847,-0.3882559835910797,0.6339560747146606,-0.04274490848183632,0.027688754722476006,-0.09976934641599655,-0.14182889461517334,-0.3092491924762726,-0.6194660067558289,0.9005759358406067,0.6779155731201172,-0.3468041718006134,1.2345216274261475,0.1323229819536209,-1.2293665409088135,0.5619114637374878,-0.4768599271774292,0.5078657269477844,0.14105720818042755,0.7060015797615051,0.20214702188968658,-0.9377762675285339,-0.1596866250038147,-1.024401307106018
37,0.251105397939682,0.3995646834373474,-0.6379261612892151,-0.24253159761428833,0.6009384393692017,0.3593564033508301,-0.853738009929657,1.0706274509429932,0.8007864952087402,-0.651338517665863,0.8494312763214111,-0.7624556422233582,-0.41915974020957947,-0.2949322462081909,-0.6461067795753479,-0.5398918390274048,0.32496264576911926,-0.418415367603302,0.6257623434066772,-0.06734749674797058,0.016797928139567375,-0.11429402232170105,-0.11379443109035492,-0.33105072379112244,-0.6208127737045288,0.8832142949104309,0.6884222030639648,-0.37466832995414734,1.250446081161499,0.16396327316761017,-1.2468013763427734,0.5653047561645508,-0.5031517744064331,0.5241743326187134,0.1389930099248886,0.7113719582557678,0.18196842074394226,-0.9288280606269836,-0.15675689280033112,-1.0280221700668335
38,0.2680353820323944,0.4017086625099182,-0.6329944133758545,-0.2349671572446823,0.5869817733764648,0.3830700218677521,-0.8617382049560547,1.081462025642395,0.7985625863075256,-0.6221611499786377,0.8500351309776306,-0.7379425764083862,-0.43128809332847595,-0.31583061814308167,-0.6244677305221558,-0.5514061450958252,0.3296179175376892,-0.39327022433280945,0.6360876560211182,-0.06377106159925461,0.028371434658765793,-0.13758023083209991,-0.11990542709827423,-0.32056567072868347,-0.6288232803344727,0.898032009601593,0.6625843644142151,-0.37084195017814636,1.2535992860794067,0.16033555567264557,-1.249213457107544,0.5641804337501526,-0.4790167510509491,0.5350500345230103,0.14108973741531372,0.7112706899642944,0.1952456831932068,-0.9227897524833679,-0.14889317750930786,-1.0208836793899536
39,0.24733035266399384,0.4079355001449585,-0.6267760396003723,-0.22989937663078308,0.5851694345474243,0.3943561613559723,-0.856537401676178,1.0746103525161743,0.7996116280555725,-0.6305249333381653,0.8616709113121033,-0.7491989731788635,-0.4394591748714447,-0.32166925072669983,-0.6147133111953735,-0.5643265843391418,0.3222731351852417,-0.42100557684898376,0.6305171847343445,-0.08383147418498993,0.019835198298096657,-0.15453316271305084,-0.10068855434656143,-0.33841386437416077,-0.631267786026001,0.8828012943267822,0.6694701313972473,-0.3949265480041504,1.2687115669250488,0.18975283205509186,-1.2621345520019531,0.5669941902160645,-0.5040451884269714,0.5481497049331665,0.13892777264118195,0.7152202725410461,0.17980918288230896,-0.91447514295578,-0.14603929221630096,-1.0236568450927734
40,0.26298972964286804,0.4130803644657135,-0.6202268004417419,-0.22285647690296173,0.5736967325210571,0.41567856073379517,-0.8598690032958984,1.0826114416122437,0.7981797456741333,-0.6028833985328674,0.8642521500587463,-0.7275967001914978,-0.45064395666122437,-0.3409000337123871,-0.5973149538040161,-0.5742715001106262,0.3297306001186371,-0.3942156732082367,0.6391947269439697,-0.07931181788444519,0.029163552448153496,-0.17709389328956604,-0.10617145150899887,-0.33196258544921875,-0.6381589770317078,0.8935182690620422,0.6462894678115845,-0.39131858944892883,1.273911952972412,0.1929187923669815,-1.262671947479248,0.5668097734451294,-0.4838488698005676,0.5565165281295776,0.13965581357479095,0.7145573496818542,0.1892499476671219,-0.9082054495811462,-0.1375444382429123,-1.0183708667755127
41,0.24197545647621155,0.4160913825035095,-0.6127850413322449,-0.21863549947738647,0.5716556310653687,0.4261062443256378,-0.8529252409934998,1.0774011611938477,0.799149215221405,-0.6060725450515747,0.8761802315711975,-0.7379686236381531,-0.4585196077823639,-0.3493861258029938,-0.5893043279647827,-0.589424729347229,0.3259854018688202,-0.42287009954452515,0.6360511779785156,-0.0970342829823494,0.02157277800142765,-0.19625870883464813,-0.09448380768299103,-0.3475739061832428,-0.6411923170089722,0.8791395425796509,0.6505439877510071,-0.41256269812583923,1.2886395454406738,0.22146905958652496,-1.2714495658874512,0.5696587562561035,-0.510775625705719,0.5669001936912537,0.1371147632598877,0.7174227833747864,0.17765098810195923,-0.9003176093101501,-0.1349906623363495,-1.0209099054336548
42,0.25909140706062317,0.42593640089035034,-0.6051713228225708,-0.21130767464637756,0.5623146295547485,0.4458793103694916,-0.8517667055130005,1.0837819576263428,0.7979791760444641,-0.5785956978797913,0.8804805278778076,-0.7176629900932312,-0.4692119359970093,-0.36703017354011536,-0.5755596160888672,-0.5982089042663574,0.3365764915943146,-0.3918357789516449,0.644191324710846,-0.09061133861541748,0.028987010940909386,-0.2182692289352417,-0.09977678954601288,-0.34436431527137756,-0.6469925045967102,0.8872547149658203,0.6273882985115051,-0.4070907533168793,1.2953535318374634,0.23052479326725006,-1.2703195810317993,0.5708785057067871,-0.4924375116825104,0.5730770826339722,0.1367965042591095,0.716187059879303,0.1839621216058731,-0.8936970829963684,-0.1252434253692627,-1.0173661708831787
43,0.23460517823696136,0.42405688762664795,-0.5970386862754822,-0.20794084668159485,0.560272216796875,0.45534196496009827,-0.8428390026092529,1.0800670385360718,0.7987284064292908,-0.577817976474762,0.8933568000793457,-0.7291771769523621,-0.4770585298538208,-0.37850305438041687,-0.5692459940910339,-0.6162815093994141,0.3352806568145752,-0.42543622851371765,0.6437971591949463,-0.10841473191976547,0.021471956744790077,-0.24014316499233246,-0.09555333852767944,-0.35847917199134827,-0.6504459977149963,0.8730130791664124,0.6299347281455994,-0.4269110858440399,1.3096755743026733,0.2585357129573822,-1.2753536701202393,0.5738000869750977,-0.5239356756210327,0.5812493562698364,0.13391244411468506,0.7181451320648193,0.176641583442688,-0.8861721754074097,-0.12334311753511429,-1.0198525190353394
44,0.25681933760643005,0.44231677055358887,-0.5887715816497803,-0.19930759072303772,0.5528179407119751,0.47440776228904724,-0.8370236754417419,1.0854135751724243,0.797290563583374,-0.5499219298362732,0.8992453813552856,-0.7084094882011414,-0.48756077885627747,-0.39384859800338745,-0.5584894418716431,-0.6236439347267151,0.3492638170719147,-0.3859640061855316,0.6516880393028259,-0.09843144565820694,0.026911156252026558,-0.2612960934638977,-0.09929992258548737,-0.35860148072242737,-0.6549654603004456,0.8796276450157166,0.6046482920646667,-0.4173731803894043,1.3176907300949097,0.2738224267959595,-1.2735134363174438,0.5769194960594177,-0.5043537020683289,0.5856340527534485,0.1332533359527588,0.716422438621521,0.17891274392604828,-0.8789085745811462,-0.11116830259561539,-1.0181775093078613
45,0.22416836023330688,0.4307532012462616,-0.5803855657577515,-0.19738663733005524,0.5503076910972595,0.48297685384750366,-0.8264997601509094,1.0835431814193726,0.7976949214935303,-0.5455600619316101,0.9136006236076355,-0.7236953973770142,-0.4957272410392761,-0.4099801778793335,-0.5532302856445312,-0.6459249258041382,0.3490021824836731,-0.430048406124115,0.6551098823547363,-0.11926917731761932,0.01922326348721981,-0.2872140407562256,-0.10442253947257996,-0.3708760142326355,-0.6590449213981628,0.8651514053344727,0.6070750951766968,-0.4383205473423004,1.3311889171600342,0.3001303970813751,-1.2748613357543945,0.5791935324668884,-0.5435657501220703,0.5920088291168213,0.13011802732944489,0.7174215316772461,0.17847223579883575,-0.8719147443771362,-0.11079946160316467,-1.020204782485962
46,0.25736042857170105,0.4648958146572113,-0.5716975331306458,-0.1859022080898285,0.5449156165122986,0.5021072030067444,-0.8151843547821045,1.087883472442627,0.7954577207565308,-0.5177210569381714,0.9209670424461365,-0.6998046636581421,-0.5060041546821594,-0.4205983579158783,-0.5448746085166931,-0.6505957245826721,0.36681675910949707,-0.376131534576416,0.6614831686019897,-0.10267297923564911,0.0220966674387455,-0.30620479583740234,-0.10231942683458328,-0.3757656216621399,-0.6617112159729004,0.8710229396820068,0.5775270462036133,-0.42143961787223816,1.3409926891326904,0.3237967789173126,-1.2743912935256958,0.5852234363555908,-0.5179033279418945,0.5951101183891296,0.13033463060855865,0.7156090140342712,0.17276835441589355,-0.8633750677108765,-0.09409388899803162,-1.0210111141204834
47,0.20962628722190857,0.43384480476379395,-0.5634133815765381,-0.18710477650165558,0.5405080318450928,0.5101490020751953,-0.8045681118965149,1.0890514850616455,0.795476496219635,-0.5088645815849304,0.937059760093689,-0.7229202389717102,-0.5151143670082092,-0.4454795718193054,-0.5393189787864685,-0.6791821718215942,0.36594873666763306,-0.4369252324104309,0.6715405583381653,-0.13063175976276398,0.0151113485917449,-0.3387185335159302,-0.12246530503034592,-0.3839249312877655,-0.6672195196151733,0.8563628792762756,0.5827729105949402,-0.44838255643844604,1.3525079488754272,0.34428083896636963,-1.2710767984390259,0.5848740935325623,-0.5690622329711914,0.5998437404632568,0.12650583684444427,0.7150936722755432,0.18623366951942444,-0.8575556874275208,-0.09728573262691498,-1.0211182832717896
48,0.2614979147911072,0.49540048837661743,-0.5543792247772217,-0.17022642493247986,0.5384498834609985,0.5295835733413696,-0.7856269478797913,1.0915614366531372,0.7919540405273438,-0.48382195830345154,0.9459757208824158,-0.6914637088775635,-0.524288535118103,-0.44542381167411804,-0.5332369208335876,-0.6786108016967773,0.3880389928817749,-0.36413276195526123,0.6716724038124084,-0.10278214514255524,0.013581695966422558,-0.3524394929409027,-0.10483823716640472,-0.3976845145225525,-0.6667843461036682,0.8615418672561646,0.5465574860572815,-0.41855311393737793,1.366017460823059,0.38171133399009705,-1.2761245965957642,0.596257209777832,-0.5313271880149841,0.6025221347808838,0.1298990547657013,0.7146015763282776,0.16253741085529327,-0.8464140892028809,-0.0724538266658783,-1.026166319847107
49,0.1932021975517273,0.4343201816082001,-0.546451985836029,-0.17758813500404358,0.5291223526000977,0.5384942889213562,-0.7786381244659424,1.0981667041778564,0.7915124297142029,-0.46697407960891724,0.9632531404495239,-0.7278686165809631,-0.535832405090332,-0.4868549704551697,-0.5247615575790405,-0.7160887122154236,0.38573530316352844,-0.44228678941726685,0.6952276229858398,-0.14165735244750977,0.010611103847622871,-0.39535415172576904,-0.15112608671188354,-0.3956966996192932,-0.675382137298584,0.8479156494140625,0.5588135719299316,-0.45931506156921387,1.3727973699569702,0.38690850138664246,-1.2650651931762695,0.5890781879425049,-0.5971724987030029,0.6050546765327454,0.12303932011127472,0.7105982303619385,0.2040463387966156,-0.8433094024658203,-0.0829598531126976,-1.0209248065948486
50,0.2649919390678406,0.5256624817848206,-0.5371471047401428,-0.15242193639278412,0.5331054329872131,0.5564078092575073,-0.7481650114059448,1.096640944480896,0.7865453362464905,-0.45147889852523804,0.9746660590171814,-0.684515655040741,-0.5412680506706238,-0.4662506878376007,-0.5222355127334595,-0.7070671319961548,0.4105202257633209,-0.35609298944473267,0.6782342195510864,-0.10096475481987,0.00042691954877227545,-0.3993741571903229,-0.1043068915605545,-0.42641517519950867,-0.6701816320419312,0.8508254885673523,0.5145462155342102,-0.41026419401168823,1.39421546459198,0.4469949007034302,-1.2827619314193726,0.6105101108551025,-0.5466493964195251,0.6091205477714539,0.1338457614183426,0.7151715159416199,0.14740556478500366,-0.8274067640304565,-0.04519806429743767,-1.0339611768722534
51,0.18359172344207764,0.4441486597061157,-0.5298634767532349,-0.16810528934001923,0.5152393579483032,0.5699245929718018,-0.7506431937217712,1.1115868091583252,0.7851061224937439,-0.42058923840522766,0.9908896088600159,-0.7354089617729187,-0.5581067204475403,-0.530942440032959,-0.5056073069572449,-0.7554007768630981,0.41018006205558777,-0.44057005643844604,0.7262275218963623,-0.14571869373321533,0.007722850423306227,-0.4547256827354431,-0.18322423100471497,-0.40508124232292175,-0.6834081411361694,0.8421636819839478,0.5360267758369446,-0.4690391719341278,1.3916597366333008,0.4253074824810028,-1.2596126794815063,0.5904944539070129,-0.620154619216919,0.6076319813728333,0.11886073648929596,0.7034957408905029,0.2255978286266327,-0.8289903402328491,-0.06702721863985062,-1.0179698467254639
52,0.2603903114795685,0.5434674024581909,-0.520309567451477,-0.13530465960502625,0.5256136059761047,0.5812751054763794,-0.7063376903533936,1.1030817031860352,0.7793272733688354,-0.42211613059043884,1.0059674978256226,-0.6853599548339844,-0.5563533902168274,-0.4883996844291687,-0.5099726915359497,-0.7361003160476685,0.43105825781822205,-0.35600465536117554,0.6814587116241455,-0.10526170581579208,-0.015146330930292606,-0.44915270805358887,-0.11147558689117432,-0.4581020176410675,-0.6741523146629333,0.839470624923706,0.48703283071517944,-0.4052947461605072,1.425321340560913,0.508895754814148,-1.2956358194351196,0.6253258585929871,-0.5681018233299255,0.6158772706985474,0.14111001789569855,0.7171140313148499,0.14375180006027222,-0.8079168796539307,-0.015123387798666954,-1.0427018404006958
53,0.1849273443222046,0.46719902753829956,-0.5145089030265808,-0.15651057660579681,0.501571774482727,0.6032168865203857,-0.7176699042320251,1.1276731491088867,0.7761449217796326,-0.37490981817245483,1.019911527633667,-0.7392536997795105,-0.5794508457183838,-0.5648239850997925,-0.48053503036499023,-0.7938805818557739,0.43889689445495605,-0.4320755898952484,0.7527108788490295,-0.1413722187280655,0.004136873874813318,-0.5112490057945251,-0.20248019695281982,-0.4186130464076996,-0.6903070211410522,0.8416936993598938,0.5149869918823242,-0.46968039870262146,1.4116257429122925,0.46811777353286743,-1.26345956325531,0.5932697653770447,-0.634513258934021,0.6093970537185669,0.11680561304092407,0.6965588927268982,0.23255476355552673,-0.8126673698425293,-0.04540450498461723,-1.014999508857727
54,0.24912786483764648,0.5539566278457642,-0.5040798187255859,-0.12173786014318466,0.5124287605285645,0.6060912609100342,-0.6669458746910095,1.1146845817565918,0.770195484161377,-0.39059892296791077,1.0362600088119507,-0.6965320706367493,-0.5720301866531372,-0.5198858976364136,-0.49103304743766785,-0.7690927982330322,0.4507952034473419,-0.36162611842155457,0.6917574405670166,-0.116749107837677,-0.02606389857828617,-0.5051246285438538,-0.13456732034683228,-0.480868935585022,-0.6814864873886108,0.8308654427528381,0.46620309352874756,-0.409322589635849,1.4539660215377808,0.5549997687339783,-1.3105766773223877,0.6344925165176392,-0.5908545255661011,0.6221072673797607,0.14702364802360535,0.7155622243881226,0.1587553322315216,-0.7910675406455994,0.011286886408925056,-1.0472393035888672
55,0.1903945356607437,0.4965722858905792,-0.4999215304851532,-0.14258146286010742,0.4897368550300598,0.6334941983222961,-0.6768825650215149,1.144247055053711,0.7658897638320923,-0.33576369285583496,1.050225019454956,-0.7411018013954163,-0.596879780292511,-0.5883796811103821,-0.4545808732509613,-0.8271381855010986,0.4657632112503052,-0.42136600613594055,0.7641918659210205,-0.14067475497722626,-0.003632305422797799,-0.5640174746513367,-0.21280120313167572,-0.44112271070480347,-0.6964496374130249,0.8435386419296265,0.4964149296283722,-0.463992714881897,1.4361813068389893,0.5175467729568481,-1.281440019607544,0.601585328578949,-0.6428626179695129,0.6139532327651978,0.12160881608724594,0.6919536590576172,0.23254559934139252,-0.7941613793373108,-0.016771188005805016,-1.016862392425537
56,0.23790395259857178,0.5665786862373352,-0.48860442638397217,-0.11131846159696579,0.4968028962612152,0.6326862573623657,-0.6292992234230042,1.135276198387146,0.7591201663017273,-0.3531934916973114,1.0655769109725952,-0.7100979089736938,-0.5886366367340088,-0.5548580288887024,-0.4639343321323395,-0.8059541583061218,0.47092190384864807,-0.36838477849960327,0.7074203491210938,-0.12980735301971436,-0.029978016391396523,-0.5646181702613831,-0.16297654807567596,-0.4951271712779999,-0.6912965774536133,0.8278725147247314,0.4507298469543457,-0.4163224995136261,1.4775688648223877,0.5917588472366333,-1.3276649713516235,0.6390524506568909,-0.609350860118866,0.6277779936790466,0.1508597433567047,0.7101817727088928,0.17852772772312164,-0.7754719853401184,0.03435979038476944,-1.04731285572052
57,0.19445958733558655,0.5283172726631165,-0.4849529564380646,-0.1287001669406891,0.4774225950241089,0.6597163677215576,-0.6327185034751892,1.1628165245056152,0.7543958425521851,-0.3015812337398529,1.0807876586914062,-0.7444489002227783,-0.610713005065918,-0.6102621555328369,-0.4286688268184662,-0.8569865226745605,0.48839136958122253,-0.4128870368003845,0.7677239179611206,-0.14822165668010712,-0.012528619728982449,-0.6158747673034668,-0.22305263578891754,-0.4656594395637512,-0.7035302519798279,0.8445975184440613,0.4804070293903351,-0.4595317840576172,1.462822675704956,0.5652050971984863,-1.308194875717163,0.6126551628112793,-0.648617684841156,0.6214402914047241,0.130409374833107,0.688240647315979,0.23468555510044098,-0.7751803398132324,0.01445725467056036,-1.0214390754699707
58,0.22974330186843872,0.585080087184906,-0.4735811948776245,-0.10238494724035263,0.48042750358581543,0.6587250232696533,-0.5916687846183777,1.160577416419983,0.7466528415679932,-0.313239187002182,1.0951601266860962,-0.7214226722717285,-0.6035708785057068,-0.5889453887939453,-0.4333084523677826,-0.8417817950248718,0.49045491218566895,-0.3745391070842743,0.7207169532775879,-0.1443188190460205,-0.0288563072681427,-0.6233725547790527,-0.1894485354423523,-0.507047176361084,-0.7023109793663025,0.8290154933929443,0.43949446082115173,-0.42331480979919434,1.4982725381851196,0.6246690154075623,-1.349241852760315,0.6432384252548218,-0.6226151585578918,0.6343870759010315,0.1541777104139328,0.7031314373016357,0.19701166450977325,-0.7596790194511414,0.05743627995252609,-1.0462210178375244
59,0.19707846641540527,0.5610283017158508,-0.4698052704334259,-0.11639223992824554,0.46287044882774353,0.6823037266731262,-0.5895820260047913,1.1833871603012085,0.741646945476532,-0.2688256800174713,1.1113258600234985,-0.7487629652023315,-0.6210964918136597,-0.6334735751152039,-0.4022810459136963,-0.885091245174408,0.5077922940254211,-0.4085257947444916,0.7680140733718872,-0.16259397566318512,-0.01772727631032467,-0.6671521663665771,-0.23466923832893372,-0.4873553514480591,-0.7127367854118347,0.8460621237754822,0.4674794673919678,-0.4583720266819,1.4878522157669067,0.6070912480354309,-1.3390284776687622,0.6239067316055298,-0.6534264087677002,0.6309264302253723,0.1393301635980606,0.683976411819458,0.23959167301654816,-0.7567118406295776,0.04491156339645386,-1.0257750749588013
60,0.22481246292591095,0.6083533763885498,-0.45900753140449524,-0.09412991255521774,0.4626826047897339,0.6816259026527405,-0.5550824403762817,1.1861404180526733,0.7333544492721558,-0.2741985023021698,1.1250956058502197,-0.7302075028419495,-0.614754319190979,-0.6213072538375854,-0.40311938524246216,-0.8739234805107117,0.5088034272193909,-0.38098084926605225,0.7289507389068604,-0.16155007481575012,-0.023451313376426697,-0.6789233088493347,-0.2120959311723709,-0.5180292725563049,-0.7145364284515381,0.8322981595993042,0.431048184633255,-0.43046945333480835,1.516730546951294,0.6545134782791138,-1.3748493194580078,0.6482212543487549,-0.6323859691619873,0.6428000926971436,0.157170370221138,0.695032000541687,0.21293838322162628,-0.7439073920249939,0.08066476136445999,-1.0450435876846313
61,0.19931454956531525,0.5932782888412476,-0.4552009403705597,-0.10565740615129471,0.4458157420158386,0.7009322047233582,-0.5499178767204285,1.203863263130188,0.728264331817627,-0.2367495596408844,1.141732931137085,-0.7529760599136353,-0.6275660395622253,-0.6578531861305237,-0.37702006101608276,-0.9105372428894043,0.5251471400260925,-0.4083053767681122,0.7657108902931213,-0.1814860701560974,-0.016980325803160667,-0.7163076996803284,-0.2463977038860321,-0.5050860047340393,-0.7240633368492126,0.8487316966056824,0.45713457465171814,-0.459933340549469,1.5093493461608887,0.6423543095588684,-1.3708187341690063,0.6341434121131897,-0.6581815481185913,0.641997218132019,0.14690668880939484,0.6781259179115295,0.2458145022392273,-0.7393659353256226,0.07283132523298264,-1.0287622213363647
62,0.22249633073806763,0.6335216164588928,-0.445366233587265,-0.08617078512907028,0.4433799088001251,0.6999108791351318,-0.521258533000946,1.2092490196228027,0.7199411392211914,-0.23795023560523987,1.1549662351608276,-0.7371674180030823,-0.6212591528892517,-0.6517242789268494,-0.37624022364616394,-0.9010456800460815,0.5259047746658325,-0.3884465992450714,0.7321394085884094,-0.18086206912994385,-0.014188511297106743,-0.7296059131622314,-0.2306213676929474,-0.527742862701416,-0.7277213335037231,0.8364212512969971,0.4241252541542053,-0.43761295080184937,1.5324037075042725,0.6807360053062439,-1.40183424949646,0.6532748937606812,-0.640838086605072,0.6529821157455444,0.15992404520511627,0.6857465505599976,0.22612005472183228,-0.7288050651550293,0.10259154438972473,-1.0436207056045532
63,0.20184339582920074,0.6232326030731201,-0.44191232323646545,-0.09599454700946808,0.42698004841804504,0.715051531791687,-0.515059232711792,1.2223044633865356,0.7150632739067078,-0.2063264548778534,1.1716021299362183,-0.7569599747657776,-0.6298537254333496,-0.6823286414146423,-0.35512474179267883,-0.9317394495010376,0.5410965085029602,-0.4113219976425171,0.761205792427063,-0.20208501815795898,-0.010695356875658035,-0.7613674402236938,-0.25698474049568176,-0.5190969705581665,-0.7365953922271729,0.8520613312721252,0.44874700903892517,-0.4627687931060791,1.5265408754348755,0.6711750626564026,-1.4006680250167847,0.6424751281738281,-0.6636998653411865,0.6541106700897217,0.15316815674304962,0.6704097390174866,0.2521134614944458,-0.723576009273529,0.09703192859888077,-1.0301260948181152
64,0.22219915688037872,0.6577557325363159,-0.4333218038082123,-0.07829050719738007,0.42327940464019775,0.7130440473556519,-0.49151813983917236,1.228585124015808,0.7071244716644287,-0.2057378590106964,1.1839896440505981,-0.7433096766471863,-0.623051643371582,-0.6797488927841187,-0.3545679450035095,-0.9221612215042114,0.5416549444198608,-0.39676597714424133,0.7315446138381958,-0.20010733604431152,-0.0022831193637102842,-0.7740076780319214,-0.24518050253391266,-0.5360289812088013,-0.7409871816635132,0.840279757976532,0.4182246923446655,-0.4438263177871704,1.544754147529602,0.7028120160102844,-1.4270390272140503,0.6572583913803101,-0.6494119763374329,0.6642295122146606,0.16278842091560364,0.67549729347229,0.23671399056911469,-0.7149254083633423,0.12177246809005737,-1.0416584014892578
65,0.2049534171819687,0.6493499875068665,-0.43062204122543335,-0.08703867346048355,0.4076385200023651,0.724537193775177,-0.4856625199317932,1.2377655506134033,0.702745258808136,-0.17895378172397614,1.2000449895858765,-0.7612835764884949,-0.6282129883766174,-0.7056573629379272,-0.3381153643131256,-0.9474843740463257,0.555607795715332,-0.41633695363998413,0.7555298209190369,-0.22155612707138062,-0.0008203377947211266,-0.8005880117416382,-0.26577234268188477,-0.5301185250282288,-0.7490403056144714,0.8550649881362915,0.4422127604484558,-0.4652796983718872,1.5392687320709229,0.6939733028411865,-1.4261411428451538,0.6481865644454956,-0.6703022718429565,0.6664008498191833,0.15854725241661072,0.6614127159118652,0.2578200697898865,-0.709621012210846,0.11678220331668854,-1.0299291610717773
66,0.2234925478696823,0.6792280673980713,-0.4234495162963867,-0.07049448788166046,0.4036442041397095,0.7213240265846252,-0.46658796072006226,1.2439755201339722,0.6954684257507324,-0.1784895956516266,1.2109946012496948,-0.7496392130851746,-0.6207400560379028,-0.7047570943832397,-0.33885306119918823,-0.936773955821991,0.5555810332298279,-0.4052896797657013,0.7288690805435181,-0.21705171465873718,0.01054782047867775,-0.8110827207565308,-0.2561671733856201,-0.5431115627288818,-0.7532584071159363,0.8430505394935608,0.4135037064552307,-0.4480416178703308,1.5535688400268555,0.7204922437667847,-1.4480797052383423,0.6593145132064819,-0.6585138440132141,0.6755228638648987,0.16599027812480927,0.6650785207748413,0.24501004815101624,-0.7026222944259644,0.13732711970806122,-1.0390630960464478
67,0.20868568122386932,0.6709686517715454,-0.421791672706604,-0.07874953746795654,0.3891313374042511,0.729947030544281,-0.46190720796585083,1.2502384185791016,0.6918349266052246,-0.15575429797172546,1.2258286476135254,-0.7666090726852417,-0.6233649849891663,-0.726784348487854,-0.32642170786857605,-0.9573776721954346,0.5681524276733398,-0.42221570014953613,0.7499171495437622,-0.23797816038131714,0.010387716814875603,-0.8328608870506287,-0.2726205587387085,-0.5389856696128845,-0.7602500319480896,0.8570924401283264,0.43779346346855164,-0.4662433862686157,1.5477180480957031,0.7111992835998535,-1.445863962173462,0.6509481072425842,-0.6776686310768127,0.6779193878173828,0.16328312456607819,0.6521874666213989,0.2626468539237976,-0.6976226568222046,0.13186892867088318,-1.028433918952942
68,0.2260289192199707,0.6973342895507812,-0.41605958342552185,-0.06299786269664764,0.38567447662353516,0.7257146835327148,-0.4467005431652069,1.2559680938720703,0.6853886246681213,-0.15668831765651703,1.2346789836883545,-0.7568188905715942,-0.6152951717376709,-0.726270854473114,-0.3288475573062897,-0.9451217651367188,0.5670220851898193,-0.41336092352867126,0.7255845069885254,-0.2304401844739914,0.022809868678450584,-0.8404456973075867,-0.26411545276641846,-0.5493755340576172,-0.7637059688568115,0.8444129228591919,0.410272479057312,-0.4495692253112793,1.5589361190795898,0.7338066101074219,-1.4638842344284058,0.6591508984565735,-0.6678017377853394,0.6859123706817627,0.1694425493478775,0.6554515957832336,0.25127974152565,-0.6920503973960876,0.14901728928089142,-1.0359668731689453
69,0.21286806464195251,0.6883012056350708,-0.41556936502456665,-0.07132591307163239,0.3724529445171356,0.7323547601699829,-0.4436269998550415,1.2602161169052124,0.6827123165130615,-0.13723047077655792,1.2477741241455078,-0.7732605934143066,-0.6162549257278442,-0.7451030611991882,-0.3196239471435547,-0.9619016051292419,0.578156590461731,-0.42811399698257446,0.7452945113182068,-0.25075268745422363,0.021199382841587067,-0.8579450845718384,-0.27770960330963135,-0.5464280843734741,-0.7695144414901733,0.8580463528633118,0.4356779456138611,-0.46506214141845703,1.5522903203964233,0.7233689427375793,-1.4596478939056396,0.6509261727333069,-0.6851250529289246,0.6879314184188843,0.16735118627548218,0.6436911225318909,0.26647812128067017,-0.6875482201576233,0.14255988597869873,-1.0260204076766968
70,0.22941067814826965,0.7123544216156006,-0.4111378788948059,-0.05609695613384247,0.37014344334602356,0.7274699211120605,-0.43170613050460815,1.2653346061706543,0.6771678328514099,-0.14025451242923737,1.254016637802124,-0.7650182843208313,-0.607749342918396,-0.7441895008087158,-0.3237048089504242,-0.9481207728385925,0.5755172967910767,-0.42049598693847656,0.722605288028717,-0.24014995992183685,0.03362636640667915,-0.8624873161315918,-0.26960650086402893,-0.5551741719245911,-0.7719296216964722,0.8444746732711792,0.40856611728668213,-0.4482567012310028,1.5611798763275146,0.7430809736251831,-1.4745478630065918,0.6570174098014832,-0.676678478717804,0.6947699189186096,0.17287562787532806,0.6473112106323242,0.255717933177948,-0.6831896305084229,0.15712496638298035,-1.0326439142227173
71,0.21713322401046753,0.7020392417907715,-0.4117954671382904,-0.06502853333950043,0.35807645320892334,0.7329457402229309,-0.4303768277168274,1.2682760953903198,0.6756077408790588,-0.12322033196687698,1.2651365995407104,-0.7811294198036194,-0.6077921390533447,-0.7605199217796326,-0.31685498356819153,-0.962139904499054,0.5853759050369263,-0.4334571957588196,0.7421206831932068,-0.2602885365486145,0.030663250014185905,-0.8764180541038513,-0.2813727855682373,-0.5529715418815613,-0.776592493057251,0.858193039894104,0.4357423484325409,-0.46171167492866516,1.5535234212875366,0.7311294674873352,-1.4681488275527954,0.6486713290214539,-0.6920058727264404,0.6960533261299133,0.17061853408813477,0.6364628076553345,0.26927652955055237,-0.6792371273040771,0.1494608074426651,-1.023094654083252
72,0.23315364122390747,0.7249521017074585,-0.40839895606040955,-0.05002578720450401,0.35732099413871765,0.7277265191078186,-0.4211427867412567,1.2727411985397339,0.6709271669387817,-0.12862829864025116,1.2685226202011108,-0.774009644985199,-0.5989748239517212,-0.7587843537330627,-0.3223562240600586,-0.94704270362854,0.5810133814811707,-0.42638152837753296,0.7203100919723511,-0.24674558639526367,0.042715393006801605,-0.8782111406326294,-0.2731913924217224,-0.5607340931892395,-0.7779171466827393,0.8435307741165161,0.40805625915527344,-0.4443822503089905,1.560775637626648,0.7489017844200134,-1.48086678981781,0.6534843444824219,-0.6846583485603333,0.701842188835144,0.17603467404842377,0.6409395933151245,0.25846466422080994,-0.675891101360321,0.16225332021713257,-1.0294052362442017
73,0.22100813686847687,0.7129494547843933,-0.4100968837738037,-0.060040369629859924,0.3460126221179962,0.7326773405075073,-0.42148250341415405,1.274873971939087,0.6705716848373413,-0.11308085918426514,1.2777538299560547,-0.7898192405700684,-0.5986953377723694,-0.7733200788497925,-0.3171124756336212,-0.959374725818634,0.5899836421012878,-0.43787238001823425,0.7404835820198059,-0.2674330770969391,0.03846001625061035,-0.88938969373703,-0.28398650884628296,-0.5589202046394348,-0.7815917730331421,0.857914388179779,0.43760189414024353,-0.4565508961677551,1.5520063638687134,0.7352387309074402,-1.4724106788635254,0.6448779106140137,-0.6978537440299988,0.7022255063056946,0.1729714274406433,0.6306163668632507,0.2710682451725006,-0.6724509000778198,0.15333370864391327,-1.0200074911117554
74,0.2367665320634842,0.7358109951019287,-0.407403826713562,-0.04487276449799538,0.3471033275127411,0.7272807359695435,-0.41431277990341187,1.278647541999817,0.6666051149368286,-0.12098628282546997,1.2782704830169678,-0.7833757400512695,-0.5895996689796448,-0.7705395221710205,-0.3237464725971222,-0.943163275718689,0.5838184356689453,-0.4308447241783142,0.7187169790267944,-0.2509855329990387,0.05017400532960892,-0.8889199495315552,-0.2753447890281677,-0.5661444067955017,-0.7819086909294128,0.841878354549408,0.4082074761390686,-0.4384670555591583,1.5582557916641235,0.7520058155059814,-1.4838999509811401,0.6491875052452087,-0.6915107369422913,0.7071713805198669,0.17878231406211853,0.6362938284873962,0.2596489191055298,-0.6699374914169312,0.16513152420520782,-1.0265198945999146
75,0.22404858469963074,0.7216506004333496,-0.41001269221305847,-0.0564081184566021,0.3359854519367218,0.7321577668190002,-0.41611841320991516,1.280316948890686,0.6674796938896179,-0.10594483464956284,1.285965919494629,-0.7988457083702087,-0.5894631743431091,-0.7839678525924683,-0.31943896412849426,-0.9547784924507141,0.5924508571624756,-0.44115275144577026,0.740265429019928,-0.27305135130882263,0.04463723301887512,-0.8981581926345825,-0.28591132164001465,-0.5643988251686096,-0.7848144769668579,0.8575654625892639,0.4407787621021271,-0.45012742280960083,1.5483063459396362,0.7364762425422668,-1.4735246896743774,0.6401752233505249,-0.7024509906768799,0.7066075801849365,0.17435644567012787,0.6259847283363342,0.27194881439208984,-0.6669275760650635,0.15494202077388763,-1.0170092582702637
76,0.23986339569091797,0.7454742193222046,-0.40767815709114075,-0.04057087004184723,0.3391987979412079,0.7265716791152954,-0.41038739681243896,1.2833412885665894,0.6639827489852905,-0.11645922064781189,1.2837451696395874,-0.7926868200302124,-0.5800272822380066,-0.7799847722053528,-0.3269517123699188,-0.93755042552948,0.5844371914863586,-0.43384119868278503,0.7176613807678223,-0.253543883562088,0.05626250058412552,-0.8959265947341919,-0.2764492630958557,-0.571399450302124,-0.7842639684677124,0.839739978313446,0.4084773361682892,-0.43110892176628113,1.554140567779541,0.7531527876853943,-1.4846906661987305,0.6446654796600342,-0.697246789932251,0.7109784483909607,0.18110905587673187,0.6331579089164734,0.25941526889801025,-0.6650962829589844,0.1664719134569168,-1.0241779088974
77,0.22594603896141052,0.7285650968551636,-0.41109663248062134,-0.054048240184783936,0.3276042640209198,0.7316928505897522,-0.4134107232093811,1.2848126888275146,0.6660807132720947,-0.10093007981777191,1.290431261062622,-0.8077749609947205,-0.5804179906845093,-0.7929534912109375,-0.3230118155479431,-0.9492799043655396,0.5933750867843628,-0.44324377179145813,0.7412700653076172,-0.27783313393592834,0.04939565435051918,-0.9039502739906311,-0.2874675393104553,-0.5694248080253601,-0.78663569688797,0.8574247360229492,0.44482484459877014,-0.4430289566516876,1.5429306030273438,0.7355560064315796,-1.4724507331848145,0.6350263953208923,-0.7057641744613647,0.7094712257385254,0.1747709959745407,0.6222710609436035,0.2720780670642853,-0.6624215245246887,0.1549534946680069,-1.0142403841018677
78,0.24223166704177856,0.7543154358863831,-0.4087943732738495,-0.03693957254290581,0.3332635164260864,0.7257744669914246,-0.4085196554660797,1.2870067358016968,0.6627434492111206,-0.11427052319049835,1.2856556177139282,-0.801593005657196,-0.5705009698867798,-0.7875928282737732,-0.3312280774116516,-0.9310064911842346,0.5834164619445801,-0.4354437589645386,0.7169248461723328,-0.2549368143081665,0.061265360563993454,-0.9003720879554749,-0.27680063247680664,-0.5764586925506592,-0.7853705883026123,0.8372573256492615,0.40845823287963867,-0.4228680729866028,1.5489031076431274,0.7530315518379211,-1.4841347932815552,0.6403048038482666,-0.7020418643951416,0.7135619521141052,0.1830994337797165,0.6312612891197205,0.25792768597602844,-0.6611534953117371,0.1668882966041565,-1.022484540939331
79,0.22657248377799988,0.7339695692062378,-0.41297397017478943,-0.05278119817376137,0.3204810917377472,0.7313925623893738,-0.4125363230705261,1.288519263267517,0.6660590767860413,-0.09726477414369583,1.2919409275054932,-0.8162841796875,-0.5717646479606628,-0.8007128238677979,-0.32717621326446533,-0.9435496926307678,0.5933452844619751,-0.44422364234924316,0.7432892918586731,-0.28224021196365356,0.05297213792800903,-0.9077850580215454,-0.28892630338668823,-0.5739773511886597,-0.7874271869659424,0.8576810956001282,0.4493463635444641,-0.43578851222991943,1.5363198518753052,0.7330805659294128,-1.4699537754058838,0.6297221183776855,-0.70787513256073,0.7111222147941589,0.17424529790878296,0.6191573143005371,0.2716582715511322,-0.6587250232696533,0.1538982093334198,-1.011746883392334
80,0.24383234977722168,0.7625552415847778,-0.4104108214378357,-0.033751606941223145,0.3289574384689331,0.7249102592468262,-0.4079360365867615,1.2897768020629883,0.6625373959541321,-0.1137862429022789,1.284783959388733,-0.8098461031913757,-0.5611680150032043,-0.7937449216842651,-0.3360203206539154,-0.9240968227386475,0.5812514424324036,-0.43581458926200867,0.7163195013999939,-0.25556379556655884,0.06542091816663742,-0.9031520485877991,-0.27662500739097595,-0.5812930464744568,-0.7855936884880066,0.8345202803611755,0.4079609215259552,-0.41420742869377136,1.5429569482803345,0.7522085309028625,-1.4829328060150146,0.6363503932952881,-0.7061452269554138,0.7152292132377625,0.18488511443138123,0.6303403377532959,0.2553638517856598,-0.657927930355072,0.16686077415943146,-1.0214680433273315
81,0.22597242891788483,0.7380856275558472,-0.41535627841949463,-0.05236220359802246,0.31430119276046753,0.731265127658844,-0.41279226541519165,1.2915698289871216,0.6670848727226257,-0.09435005486011505,1.2912747859954834,-0.824175238609314,-0.5636342763900757,-0.8075981736183167,-0.3314441442489624,-0.9380367994308472,0.5928595066070557,-0.4442708492279053,0.7461124658584595,-0.28650063276290894,0.05560057610273361,-0.9104354381561279,-0.2905007004737854,-0.5780441761016846,-0.7875162959098816,0.8584219217300415,0.4539572298526764,-0.4288334846496582,1.5288602113723755,0.7295399308204651,-1.4666072130203247,0.624423623085022,-0.708938717842102,0.7118555307388306,0.17284029722213745,0.6163741946220398,0.270898699760437,-0.6556747555732727,0.15216772258281708,-1.0095088481903076
82,0.24474892020225525,0.7702693939208984,-0.4122803509235382,-0.030805781483650208,0.3259359300136566,0.7239328026771545,-0.40799376368522644,1.2917661666870117,0.6630351543426514,-0.11449511349201202,1.281893014907837,-0.8172820806503296,-0.5521295070648193,-0.7987381815910339,-0.3409457802772522,-0.9172059297561646,0.5783532857894897,-0.43516263365745544,0.7157453298568726,-0.25578898191452026,0.06889309734106064,-0.9049177169799805,-0.2761034369468689,-0.5859043598175049,-0.78525310754776,0.8316190242767334,0.4070567190647125,-0.4054775536060333,1.5366476774215698,0.7511029243469238,-1.4815819263458252,0.6329305171966553,-0.7097910046577454,0.7162531018257141,0.18659047782421112,0.6301513314247131,0.25191670656204224,-0.6552722454071045,0.16672782599925995,-1.0210857391357422
83,0.2243291735649109,0.7411720156669617,-0.41802820563316345,-0.05249561741948128,0.30887141823768616,0.7312754392623901,-0.41362762451171875,1.2940757274627686,0.6688421964645386,-0.09179218113422394,1.2891055345535278,-0.831371009349823,-0.5561037659645081,-0.8138693571090698,-0.33547359704971313,-0.9330105781555176,0.5922781825065613,-0.4436253607273102,0.7494982481002808,-0.29061394929885864,0.05751406028866768,-0.912449836730957,-0.292327880859375,-0.581648051738739,-0.7871667146682739,0.8596101999282837,0.45821958780288696,-0.4224640429019928,1.5208989381790161,0.7253424525260925,-1.4628347158432007,0.6192238330841064,-0.7091816663742065,0.7119362950325012,0.17067424952983856,0.6137503385543823,0.2699732780456543,-0.6531497836112976,0.15004324913024902,-1.0074759721755981
84,0.24511554837226868,0.7773836255073547,-0.41424283385276794,-0.027990570291876793,0.323809951543808,0.722789466381073,-0.4082050323486328,1.2930946350097656,0.6639672517776489,-0.11594546586275101,1.277684211730957,-0.8237892985343933,-0.5434757471084595,-0.8028150200843811,-0.3457612097263336,-0.9105916619300842,0.5750600695610046,-0.43369653820991516,0.7152255773544312,-0.25600722432136536,0.07176437973976135,-0.9061152935028076,-0.27540290355682373,-0.5903216600418091,-0.784612238407135,0.8287043571472168,0.40605852007865906,-0.396934449672699,1.5302422046661377,0.7499707937240601,-1.4803820848464966,0.6300704479217529,-0.7131072878837585,0.7168477773666382,0.1882684826850891,0.6304476857185364,0.24781332910060883,-0.6530670523643494,0.1666928380727768,-1.021227240562439
85,0.22192201018333435,0.7435863614082336,-0.4208225905895233,-0.052843548357486725,0.30415013432502747,0.7313717603683472,-0.414640873670578,1.2961148023605347,0.6710385680198669,-0.08941960334777832,1.2859485149383545,-0.8379078507423401,-0.5491951107978821,-0.8196865916252136,-0.3390389382839203,-0.9286014437675476,0.5917955040931702,-0.4425509572029114,0.7531410455703735,-0.2943883538246155,0.05895266309380531,-0.9142016172409058,-0.29444408416748047,-0.5848559141159058,-0.7865720987319946,0.8610615730285645,0.4616500735282898,-0.41684862971305847,1.5127583742141724,0.720855712890625,-1.4589688777923584,0.6142069697380066,-0.7089352607727051,0.7115969657897949,0.16797508299350739,0.6112453937530518,0.2689780592918396,-0.6510645151138306,0.14774006605148315,-1.0056089162826538
86,0.24505461752414703,0.7836956977844238,-0.41621145606040955,-0.02531576342880726,0.32212138175964355,0.7214660048484802,-0.40823811292648315,1.2939091920852661,0.6651495695114136,-0.11767637729644775,1.2727842330932617,-0.8292792439460754,-0.5353066921234131,-0.806194543838501,-0.35032016038894653,-0.904421865940094,0.5716672539710999,-0.431586891412735,0.7149052619934082,-0.25663676857948303,0.07405312359333038,-0.907037079334259,-0.27470648288726807,-0.5945761203765869,-0.7838686108589172,0.8260192275047302,0.4054054021835327,-0.38877344131469727,1.5239201784133911,0.748901903629303,-1.4794501066207886,0.6276882886886597,-0.716032087802887,0.717157244682312,0.18983924388885498,0.6309481263160706,0.2433440387248993,-0.6512154340744019,0.16684065759181976,-1.0217183828353882
87,0.21907484531402588,0.7457728385925293,-0.4235983192920685,-0.053057681769132614,0.3002361059188843,0.7314947247505188,-0.41555285453796387,1.297721266746521,0.6734102368354797,-0.08726558089256287,1.2821611166000366,-0.8439223766326904,-0.5428684949874878,-0.8251012563705444,-0.34200507402420044,-0.9248449802398682,0.5914271473884583,-0.44130396842956543,0.7566778659820557,-0.29754704236984253,0.06014717370271683,-0.9159430265426636,-0.29676827788352966,-0.5877753496170044,-0.785862386226654,0.8624577522277832,0.4638342559337616,-0.4120360016822815,1.5047361850738525,0.7164303660392761,-1.455300211906433,0.6094940304756165,-0.7086719870567322,0.7110396027565002,0.16512320935726166,0.6089537739753723,0.2679074704647064,-0.6493569612503052,0.14545005559921265,-1.0039122104644775
88,0.24465198814868927,0.7889666557312012,-0.4181537628173828,-0.022887248545885086,0.3203801214694977,0.7200142741203308,-0.40790486335754395,1.294400691986084,0.6664901971817017,-0.11919752508401871,1.267730951309204,-0.8336707353591919,-0.5277365446090698,-0.8090906739234924,-0.3545337915420532,-0.8987869620323181,0.5684481263160706,-0.42894643545150757,0.7149880528450012,-0.25801584124565125,0.07576394081115723,-0.9078653454780579,-0.2742222249507904,-0.598670244216919,-0.7831449508666992,0.8238523602485657,0.40547215938568115,-0.38115817308425903,1.5177805423736572,0.7478504776954651,-1.4787538051605225,0.6255944967269897,-0.7182756066322327,0.7172577977180481,0.1910727173089981,0.6313310861587524,0.2388715296983719,-0.6496403217315674,0.16716885566711426,-1.022337555885315
89,0.21609237790107727,0.7481607794761658,-0.42623311281204224,-0.05285186693072319,0.29729726910591125,0.731586754322052,-0.4161747395992279,1.298888921737671,0.6757383346557617,-0.08548387885093689,1.2779885530471802,-0.8496219515800476,-0.5370255708694458,-0.8300638794898987,-0.344308465719223,-0.921734631061554,0.5910336375236511,-0.44011297821998596,0.759765088558197,-0.2998844385147095,0.06127244606614113,-0.9178463816642761,-0.2991206645965576,-0.5905355215072632,-0.7851195931434631,0.8634331226348877,0.464579701423645,-0.4079926013946533,1.4970884323120117,0.7123785018920898,-1.452083945274353,0.6052515506744385,-0.7089964747428894,0.7104339003562927,0.162619948387146,0.6070609092712402,0.26667553186416626,-0.647972822189331,0.1433538943529129,-1.0024422407150269
90,0.2439773976802826,0.7930576205253601,-0.42006829380989075,-0.02082880213856697,0.3181588649749756,0.7185466289520264,-0.4071381986141205,1.294798493385315,0.6679726839065552,-0.12005844712257385,1.2629481554031372,-0.8368881940841675,-0.5208768844604492,-0.8117002248764038,-0.35835620760917664,-0.8936927914619446,0.565642237663269,-0.42582908272743225,0.7156251072883606,-0.26027652621269226,0.07695391029119492,-0.9086949229240417,-0.27415141463279724,-0.6025595664978027,-0.7824928760528564,0.8224088549613953,0.4064257740974426,-0.37421923875808716,1.5118706226348877,0.7467169165611267,-1.4781816005706787,0.6235232353210449,-0.719365119934082,0.7171749472618103,0.19165924191474915,0.6312831044197083,0.234781876206398,-0.6482831835746765,0.1676376760005951,-1.0228586196899414
91,0.2131941169500351,0.7510363459587097,-0.42863327264785767,-0.05208301544189453,0.2954789996147156,0.7316108345985413,-0.4163944125175476,1.2995926141738892,0.6778736710548401,-0.08420964330434799,1.2736313343048096,-0.8552461266517639,-0.5315377712249756,-0.8344695568084717,-0.34593722224235535,-0.9192730188369751,0.5903973579406738,-0.43918123841285706,0.7621893286705017,-0.30136537551879883,0.06240404397249222,-0.9200260043144226,-0.3012915849685669,-0.5932506918907166,-0.7843960523605347,0.8637090921401978,0.46396923065185547,-0.4046677052974701,1.4899996519088745,0.7089067697525024,-1.4494917392730713,0.6016575694084167,-0.7105749845504761,0.7099096775054932,0.16095422208309174,0.6057596206665039,0.2651871144771576,-0.6468521952629089,0.14158880710601807,-1.0012800693511963
92,0.2431280016899109,0.7960126996040344,-0.42196109890937805,-0.019201628863811493,0.31516456604003906,0.7171891927719116,-0.40595749020576477,1.2953366041183472,0.6696188449859619,-0.11996836215257645,1.2587242126464844,-0.8388565182685852,-0.5148054957389832,-0.8141671419143677,-0.36180123686790466,-0.8890490531921387,0.5634163022041321,-0.4222346246242523,0.7168284058570862,-0.26331984996795654,0.07776519656181335,-0.9095327258110046,-0.2746252119541168,-0.606163501739502,-0.7819205522537231,0.8216906189918518,0.4082256257534027,-0.36801543831825256,1.506229043006897,0.7454528212547302,-1.4776312112808228,0.6212073564529419,-0.7187410593032837,0.7169102430343628,0.1913418173789978,0.6305766105651855,0.23138463497161865,-0.6471001505851746,0.1682291179895401,-1.023106336593628
93,0.2104714810848236,0.7544874548912048,-0.43074795603752136,-0.05077732354402542,0.2948712706565857,0.7315722703933716,-0.41618800163269043,1.299805998802185,0.6797492504119873,-0.08345276117324829,1.2692843675613403,-0.8610421419143677,-0.5262874960899353,-0.8382310271263123,-0.34689968824386597,-0.9175069332122803,0.5893282890319824,-0.43871328234672546,0.7639338374137878,-0.30209195613861084,0.06351977586746216,-0.9225561618804932,-0.3031284809112549,-0.5959827303886414,-0.7837262749671936,0.863186240196228,0.4622649848461151,-0.40206143260002136,1.4835600852966309,0.7060524225234985,-1.447553277015686,0.5988527536392212,-0.7140690684318542,0.7095506191253662,0.16045990586280823,0.6051800847053528,0.2634151875972748,-0.6459255218505859,0.14019571244716644,-1.0004814863204956
94,0.2422594279050827,0.7980242967605591,-0.42383188009262085,-0.017977338284254074,0.3112042546272278,0.7160140872001648,-0.404425710439682,1.2962137460708618,0.6714536547660828,-0.11885761469602585,1.2552205324172974,-0.8394789695739746,-0.5095419883728027,-0.8165500164031982,-0.3649734854698181,-0.8846696615219116,0.5618379712104797,-0.4180997312068939,0.7184663414955139,-0.2669244408607483,0.07839982956647873,-0.9102885723114014,-0.2756591737270355,-0.609402596950531,-0.7814328670501709,0.8214932084083557,0.41073498129844666,-0.36248713731765747,1.5009211301803589,0.744124710559845,-1.4770750999450684,0.6184578537940979,-0.7157929539680481,0.7164648175239563,0.18999113142490387,0.6291096806526184,0.22883105278015137,-0.6460539698600769,0.1689896583557129,-1.022996425628662
95,0.20788004994392395,0.758455216884613,-0.4325719177722931,-0.04907981678843498,0.29557114839553833,0.7315303683280945,-0.41563770174980164,1.2994885444641113,0.6813607215881348,-0.08310001343488693,1.2651251554489136,-0.8672685027122498,-0.5211931467056274,-0.8413378596305847,-0.34718039631843567,-0.9165385961532593,0.5877320766448975,-0.4389551877975464,0.765152633190155,-0.30218395590782166,0.06454368680715561,-0.925503134727478,-0.3045850694179535,-0.5987248420715332,-0.7831311225891113,0.8619318604469299,0.45973849296569824,-0.4002554416656494,1.4777683019638062,0.7036762833595276,-1.4461488723754883,0.5969237685203552,-0.7201781868934631,0.7093988060951233,0.16130360960960388,0.605384111404419,0.26142504811286926,-0.6451227068901062,0.13909490406513214,-1.000044584274292
96,0.24158571660518646,0.7993186116218567,-0.4256737530231476,-0.01707201823592186,0.3060503602027893,0.7149950265884399,-0.4026090204715729,1.297585129737854,0.673493504524231,-0.11682242900133133,1.252511978149414,-0.8386165499687195,-0.5050513744354248,-0.8188236355781555,-0.36808541417121887,-0.8802863955497742,0.560903012752533,-0.4132721424102783,0.720328688621521,-0.27090615034103394,0.0790708065032959,-0.9107732772827148,-0.27716580033302307,-0.61223304271698,-0.7810563445091248,0.8215156197547913,0.413855642080307,-0.3574467897415161,1.4960441589355469,0.7428991794586182,-1.4765681028366089,0.6151925325393677,-0.7097784876823425,0.7158470153808594,0.18753699958324432,0.6268635988235474,0.22711730003356934,-0.6451064944267273,0.17003625631332397,-1.0225294828414917
97,0.20526885986328125,0.7628462314605713,-0.43413349986076355,-0.04716458544135094,0.2977944016456604,0.7315903306007385,-0.41493088006973267,1.298543930053711,0.6827256083488464,-0.08300117403268814,1.2612749338150024,-0.8741900324821472,-0.5161944627761841,-0.8438615202903748,-0.3467039167881012,-0.916505753993988,0.5855964422225952,-0.4402201473712921,0.7660742402076721,-0.3016599118709564,0.06539611518383026,-0.9289630055427551,-0.30570289492607117,-0.6014173626899719,-0.7826176285743713,0.8600919246673584,0.45652079582214355,-0.3993845582008362,1.472556710243225,0.7015214562416077,-1.4450658559799194,0.5959409475326538,-0.7297155857086182,0.7094684839248657,0.16362853348255157,0.6064268350601196,0.2593269348144531,-0.6443860530853271,0.13811418414115906,-0.9999151229858398
98,0.24133150279521942,0.8000391125679016,-0.42748168110847473,-0.016417475417256355,0.299307256937027,0.7140097618103027,-0.4005564749240875,1.2995880842208862,0.6757591366767883,-0.11401641368865967,1.2506352663040161,-0.8361456394195557,-0.5012697577476501,-0.8209189772605896,-0.3714410066604614,-0.8755923509597778,0.5605969429016113,-0.40752553939819336,0.7222128510475159,-0.2752428352832794,0.079958476126194,-0.9107190370559692,-0.27902159094810486,-0.614649772644043,-0.7808401584625244,0.8214851021766663,0.41762545704841614,-0.3526442050933838,1.4917007684707642,0.7419653534889221,-1.4762064218521118,0.6114100217819214,-0.6999402642250061,0.7150591015815735,0.1838088035583496,0.6238093376159668,0.22616787254810333,-0.6442169547080994,0.1715218722820282,-1.0217409133911133
99,0.20248256623744965,0.7676444053649902,-0.4354845881462097,-0.0451483353972435,0.3018937110900879,0.731858491897583,-0.41432443261146545,1.2968021631240845,0.6838524341583252,-0.08303698897361755,1.2577763795852661,-0.8819206953048706,-0.5112118124961853,-0.845910370349884,-0.34535810351371765,-0.9174752831459045,0.5829574465751648,-0.4427890479564667,0.7668721079826355,-0.3003610372543335,0.06607017666101456,-0.9330415725708008,-0.30654144287109375,-0.6040001511573792,-0.7821804285049438,0.8577961921691895,0.45253732800483704,-0.399518221616745,1.4678306579589844,0.6993203163146973,-1.4440819025039673,0.5960121750831604,-0.743022084236145,0.7097534537315369,0.16770650446414948,0.6084210276603699,0.25719285011291504,-0.6436845660209656,0.13707253336906433,-1.0000157356262207
100,0.24154159426689148,0.800178587436676,-0.42925402522087097,-0.016057441011071205,0.2905620336532593,0.7129217982292175,-0.39834094047546387,1.3023324012756348,0.6782664656639099,-0.11063637584447861,1.249589443206787,-0.8323014974594116,-0.49811360239982605,-0.8227813839912415,-0.37531912326812744,-0.8704351186752319,0.5608783960342407,-0.40084323287010193,0.724020779132843,-0.280107319355011,0.08107518404722214,-0.9099050164222717,-0.28115835785865784,-0.6166449785232544,-0.7808177471160889,0.8212321996688843,0.4221937954425812,-0.34797731041908264,1.4879403114318848,0.7413842082023621,-1.476050615310669,0.6072002649307251,-0.6870123147964478,0.7140843272209167,0.17850488424301147,0.6198822259902954,0.22593173384666443,-0.6433433890342712,0.17352595925331116,-1.020633578300476
101,0.1996903121471405,0.7729427814483643,-0.43672171235084534,-0.04301249980926514,0.3078685700893402,0.7322903275489807,-0.41401779651641846,1.2941992282867432,0.6847566962242126,-0.08304406702518463,1.2546290159225464,-0.8898125886917114,-0.5061540603637695,-0.8475489616394043,-0.34322506189346313,-0.9190805554389954,0.5800341963768005,-0.44634348154067993,0.7674976587295532,-0.2980091869831085,0.06689692288637161,-0.9376066327095032,-0.3070669174194336,-0.6065315008163452,-0.7818232178688049,0.855111837387085,0.4476900100708008,-0.4003279507160187,1.4635212421417236,0.6970100402832031,-1.443062424659729,0.5972092747688293,-0.7573021054267883,0.7101975679397583,0.1737111210823059,0.6114321351051331,0.2549941837787628,-0.6430386900901794,0.13596723973751068,-1.0002448558807373
102,0.24158938229084015,0.7996463775634766,-0.4309687614440918,-0.016231801360845566,0.2804744839668274,0.7118352651596069,-0.3962300717830658,1.3056745529174805,0.6808980703353882,-0.107159823179245,1.249205470085144,-0.8285617232322693,-0.49541452527046204,-0.8244403600692749,-0.379563570022583,-0.8654249906539917,0.5613990426063538,-0.3943246603012085,0.7258987426757812,-0.28564947843551636,0.08183339983224869,-0.9086228609085083,-0.28362441062927246,-0.6181329488754272,-0.7808960676193237,0.8207210898399353,0.42742183804512024,-0.34397292137145996,1.4846479892730713,0.7407964468002319,-1.4760091304779053,0.6029144525527954,-0.6764965653419495,0.7129411697387695,0.17179952561855316,0.6152635812759399,0.2263961285352707,-0.6424487233161926,0.17575618624687195,-1.0191477537155151
103,0.19791917502880096,0.7786942720413208,-0.43801456689834595,-0.04059455171227455,0.3140222132205963,0.73248291015625,-0.4138469099998474,1.2913928031921387,0.6855261921882629,-0.08260481804609299,1.251911997795105,-0.8956114053726196,-0.501097559928894,-0.8486908078193665,-0.34114372730255127,-0.9199551939964294,0.5775240659713745,-0.44891127943992615,0.7675547003746033,-0.29468008875846863,0.06890323758125305,-0.9417397379875183,-0.30705952644348145,-0.6092749834060669,-0.7815822958946228,0.8521198630332947,0.44253143668174744,-0.40055379271507263,1.459703803062439,0.6950982213020325,-1.4421427249908447,0.5991108417510986,-0.7651947736740112,0.7106122970581055,0.18057414889335632,0.614949107170105,0.25263512134552,-0.6425129771232605,0.13530397415161133,-1.0004448890686035
104,0.24009548127651215,0.7986559271812439,-0.43261080980300903,-0.01717088744044304,0.272115558385849,0.711269736289978,-0.39477449655532837,1.3088270425796509,0.6832703948020935,-0.10441365838050842,1.248990774154663,-0.8278598785400391,-0.49286121129989624,-0.8260992765426636,-0.3830506503582001,-0.8624575734138489,0.5614320635795593,-0.3905501961708069,0.7282346487045288,-0.29139915108680725,0.08105960488319397,-0.908132791519165,-0.2864130735397339,-0.6190720796585083,-0.7808355689048767,0.8200456500053406,0.43228861689567566,-0.342043936252594,1.4814221858978271,0.7393093705177307,-1.4757044315338135,0.599266529083252,-0.6751814484596252,0.7118447422981262,0.16553917527198792,0.610944390296936,0.22749419510364532,-0.6415502429008484,0.17722342908382416,-1.0172393321990967
105,0.1983822137117386,0.7842205166816711,-0.4394330680370331,-0.03787761926651001,0.3172948360443115,0.7320398688316345,-0.4132337272167206,1.289979338645935,0.6862571239471436,-0.08148116618394852,1.249819040298462,-0.8968890905380249,-0.49643340706825256,-0.8490985631942749,-0.34067729115486145,-0.9183800220489502,0.5758790969848633,-0.44793885946273804,0.7666494846343994,-0.2914694547653198,0.07261329889297485,-0.9440180659294128,-0.30639463663101196,-0.6122526526451111,-0.781349241733551,0.849035382270813,0.43847352266311646,-0.3985230326652527,1.4566963911056519,0.6944921016693115,-1.4419004917144775,0.6005641222000122,-0.763839840888977,0.710729718208313,0.18553981184959412,0.6175951361656189,0.2500869929790497,-0.6421027183532715,0.13602760434150696,-1.0005446672439575
106,0.23670779168605804,0.7979462146759033,-0.4342723786830902,-0.01857745088636875,0.26841527223587036,0.7115185856819153,-0.3942468762397766,1.3108067512512207,0.6850718855857849,-0.10257464647293091,1.2484850883483887,-0.831524133682251,-0.4902551770210266,-0.8280600309371948,-0.38442572951316833,-0.8629137873649597,0.5609674453735352,-0.39068201184272766,0.731182873249054,-0.29622185230255127,0.07886449247598648,-0.9094386100769043,-0.2891264855861664,-0.6198423504829407,-0.7805833220481873,0.8194734454154968,0.4356660544872284,-0.3430206775665283,1.4777995347976685,0.7363771200180054,-1.4746336936950684,0.5968421697616577,-0.6813589334487915,0.7111114859580994,0.16214342415332794,0.6082281470298767,0.2290457934141159,-0.6407864093780518,0.17696835100650787,-1.01505708694458
107,0.20064160227775574,0.7886601090431213,-0.4408133924007416,-0.035181354731321335,0.31675803661346436,0.7310605049133301,-0.4119134843349457,1.2908610105514526,0.6869315505027771,-0.0803382396697998,1.2484025955200195,-0.8942697644233704,-0.4925205111503601,-0.8487961292266846,-0.34245526790618896,-0.9144112467765808,0.5744588971138,-0.44363152980804443,0.7649856805801392,-0.2897472083568573,0.07647940516471863,-0.9441484212875366,-0.305421382188797,-0.6149904131889343,-0.7808842062950134,0.8460186719894409,0.43630608916282654,-0.394235759973526,1.4546537399291992,0.6953877210617065,-1.4428093433380127,0.6008425354957581,-0.7580170035362244,0.7105653882026672,0.18711675703525543,0.6184774041175842,0.24756687879562378,-0.6417704224586487,0.13840019702911377,-1.0006639957427979
108,0.23265519738197327,0.7979874014854431,-0.43598276376724243,-0.019853901118040085,0.2689118981361389,0.7123603224754333,-0.3943448066711426,1.3115158081054688,0.6863088607788086,-0.10097809135913849,1.2477012872695923,-0.8375742435455322,-0.48771655559539795,-0.830324649810791,-0.383621484041214,-0.86572265625,0.5605766177177429,-0.39306727051734924,0.73443603515625,-0.2994414269924164,0.07673286646604538,-0.9120755791664124,-0.2913186252117157,-0.620782196521759,-0.7802444696426392,0.8193511366844177,0.43745502829551697,-0.3458419144153595,1.4738094806671143,0.7325236201286316,-1.4727839231491089,0.5956398248672485,-0.6896660327911377,0.7107915282249451,0.1618393063545227,0.6072834134101868,0.2306932806968689,-0.6402645111083984,0.17527590692043304,-1.0129483938217163
109,0.20328420400619507,0.7918727397918701,-0.44200724363327026,-0.03280476853251457,0.31386256217956543,0.7297855615615845,-0.4101887047290802,1.2933098077774048,0.6875138282775879,-0.07978074252605438,1.2474695444107056,-0.890188455581665,-0.48940369486808777,-0.8482113480567932,-0.3455743193626404,-0.9095776081085205,0.5728716254234314,-0.43806326389312744,0.7631560564041138,-0.2897789180278778,0.07905904203653336,-0.9430046677589417,-0.30452263355255127,-0.6172139644622803,-0.7802449464797974,0.8431410193443298,0.4356403946876526,-0.38921162486076355,1.4532737731933594,0.6971167325973511,-1.4445617198944092,0.600243330001831,-0.75175940990448,0.7103853225708008,0.18632696568965912,0.6179922819137573,0.24544839560985565,-0.6415183544158936,0.14160436391830444,-1.0008536577224731
110,0.22896726429462433,0.7986414432525635,-0.4376336336135864,-0.020673612132668495,0.27144190669059753,0.7134246826171875,-0.39470237493515015,1.3115262985229492,0.6871208548545837,-0.0992172583937645,1.2468674182891846,-0.8436774015426636,-0.4854353070259094,-0.83260577917099,-0.3816171884536743,-0.8690792918205261,0.5604210495948792,-0.39586952328681946,0.737551212310791,-0.30126917362213135,0.07549405097961426,-0.9150835871696472,-0.29290860891342163,-0.6218310594558716,-0.7798795700073242,0.8196802139282227,0.4381214678287506,-0.3490133285522461,1.469848871231079,0.7286498546600342,-1.4706335067749023,0.5952553749084473,-0.6972729563713074,0.7107705473899841,0.1632879674434662,0.6073811650276184,0.23209597170352936,-0.6399701833724976,0.17308466136455536,-1.011177897453308
111,0.20542888343334198,0.7941663861274719,-0.442992627620697,-0.030838295817375183,0.3102142810821533,0.7284427881240845,-0.40845048427581787,1.2961945533752441,0.6880030035972595,-0.07971406728029251,1.2468054294586182,-0.8862709999084473,-0.4869430363178253,-0.8477093577384949,-0.3488929271697998,-0.9050605297088623,0.5713174939155579,-0.43275177478790283,0.7615950107574463,-0.29099491238594055,0.08029980212450027,-0.9414671063423157,-0.30381760001182556,-0.6189524531364441,-0.7796341776847839,0.8405320644378662,0.4357621371746063,-0.38463637232780457,1.4521969556808472,0.6989723443984985,-1.4465128183364868,0.5993285775184631,-0.7465259432792664,0.710348904132843,0.18464694917201996,0.6168872714042664,0.24389052391052246,-0.6413261890411377,0.14475294947624207,-1.0010597705841064
112,0.22594642639160156,0.7996099591255188,-0.43911436200141907,-0.021014882251620293,0.27435535192489624,0.714411735534668,-0.3951156735420227,1.3113291263580322,0.687656581401825,-0.09734565019607544,1.246116280555725,-0.8487913012504578,-0.48348212242126465,-0.8346594572067261,-0.37935057282447815,-0.8719972968101501,0.5604251623153687,-0.3982509672641754,0.7402361631393433,-0.3022407591342926,0.07509573549032211,-0.9178421497344971,-0.2940177321434021,-0.6228427290916443,-0.7795336842536926,0.8201853632926941,0.4381360411643982,-0.35175737738609314,1.466252088546753,0.7253132462501526,-1.4686174392700195,0.5952890515327454,-0.7034206390380859,0.7109420299530029,0.16529420018196106,0.6078600883483887,0.23313146829605103,-0.6398352980613708,0.17103245854377747,-1.0098165273666382
113,0.20686544477939606,0.7958412766456604,-0.4438105523586273,-0.029242975637316704,0.30669766664505005,0.7272038459777832,-0.4069281816482544,1.298860788345337,0.688418984413147,-0.07980269193649292,1.2462971210479736,-0.8830766081809998,-0.48498326539993286,-0.847417950630188,-0.3518027067184448,-0.9013022184371948,0.5700280070304871,-0.428281307220459,0.7604408264160156,-0.2927611768245697,0.08070987462997437,-0.9400060772895813,-0.3033057749271393,-0.6203029155731201,-0.7791562080383301,0.8383009433746338,0.436191588640213,-0.3809186518192291,1.4512317180633545,0.7005839347839355,-1.448236346244812,0.5984295606613159,-0.742559552192688,0.7104622721672058,0.18290726840496063,0.615643322467804,0.24282515048980713,-0.6411735415458679,0.1474159210920334,-1.0012317895889282
114,0.2235557734966278,0.8006889820098877,-0.440376341342926,-0.020976992323994637,0.27691540122032166,0.7151875495910645,-0.39549216628074646,1.3111463785171509,0.6880245208740234,-0.0955406203866005,1.245476484298706,-0.8527634143829346,-0.4818333387374878,-0.8363848328590393,-0.37731313705444336,-0.8742220401763916,0.5605079531669617,-0.4000266492366791,0.7423920035362244,-0.302784264087677,0.07522062957286835,-0.9201177358627319,-0.29477807879447937,-0.6237393021583557,-0.7792389988899231,0.8206248879432678,0.4378212094306946,-0.35387393832206726,1.4631706476211548,0.7226735353469849,-1.4669302701950073,0.5955052971839905,-0.70818030834198,0.7112290859222412,0.1672518253326416,0.6083938479423523,0.2338256984949112,-0.6397933959960938,0.16935785114765167,-1.0088282823562622
115,0.2076890617609024,0.7970851063728333,-0.4445074200630188,-0.027948571369051933,0.30363261699676514,0.7261569499969482,-0.40570175647735596,1.3011001348495483,0.6887855529785156,-0.07981862127780914,1.2459040880203247,-0.8806460499763489,-0.48340973258018494,-0.8473317623138428,-0.35413941740989685,-0.8983402848243713,0.5690843462944031,-0.4247192442417145,0.7596705555915833,-0.2946698069572449,0.08072421699762344,-0.9387903809547424,-0.30296680331230164,-0.6213428974151611,-0.7788196206092834,0.8364812731742859,0.4367222487926483,-0.3780478835105896,1.4503147602081299,0.7018398642539978,-1.4495826959609985,0.5976532101631165,-0.7396926283836365,0.7106730937957764,0.1813933253288269,0.6144666075706482,0.24212992191314697,-0.6410518288612366,0.1495043933391571,-1.0013487339019775
116,0.22168678045272827,0.801784098148346,-0.4414195418357849,-0.02066662721335888,0.278939813375473,0.7157359719276428,-0.3957970440387726,1.311034083366394,0.6882884502410889,-0.09393054246902466,1.244936466217041,-0.855765163898468,-0.4804336130619049,-0.8377732038497925,-0.3756619989871979,-0.87581467628479,0.5606107115745544,-0.40126124024391174,0.7440374493598938,-0.30313074588775635,0.0756087601184845,-0.9218919277191162,-0.29527899622917175,-0.6245038509368896,-0.7790084481239319,0.8208842277526855,0.4373547434806824,-0.355405330657959,1.4606280326843262,0.7206845879554749,-1.4656052589416504,0.5957983136177063,-0.711834728717804,0.7115795016288757,0.16895893216133118,0.6088802814483643,0.234247088432312,-0.6397977471351624,0.16808921098709106,-1.0081510543823242
117,0.20805741846561432,0.7979989647865295,-0.44511792063713074,-0.026899125427007675,0.3010624647140503,0.7253275513648987,-0.4047699570655823,1.3029167652130127,0.6891236901283264,-0.07967232912778854,1.2456154823303223,-0.8788562417030334,-0.48214614391326904,-0.8474090695381165,-0.3559379279613495,-0.8960697650909424,0.5684685707092285,-0.42194730043411255,0.7592204213142395,-0.2965228259563446,0.08058422058820724,-0.9378458261489868,-0.3027814030647278,-0.6221267580986023,-0.778597891330719,0.8350566625595093,0.4373016357421875,-0.37588268518447876,1.4494383335113525,0.702746570110321,-1.4505516290664673,0.5969955325126648,-0.7376667261123657,0.7109259963035583,0.18013237416744232,0.6134108304977417,0.24171191453933716,-0.6409568786621094,0.15107518434524536,-1.0014042854309082
118,0.2202436476945877,0.8028702139854431,-0.4422643482685089,-0.02016260102391243,0.28047823905944824,0.7160860300064087,-0.396022766828537,1.3109806776046753,0.6884812116622925,-0.09257977455854416,1.2444757223129272,-0.8580226898193359,-0.47922661900520325,-0.8388514518737793,-0.3743950128555298,-0.8769135475158691,0.5606871843338013,-0.4020775556564331,0.7452349662780762,-0.30336782336235046,0.07610911130905151,-0.923229992389679,-0.2955705523490906,-0.625151515007019,-0.7788408398628235,0.8209351897239685,0.4368097186088562,-0.35645708441734314,1.4585870504379272,0.71923828125,-1.4646118879318237,0.5961343050003052,-0.7146600484848022,0.7119600176811218,0.17040450870990753,0.6093176603317261,0.23445534706115723,-0.6398201584815979,0.1671810895204544,-1.0077288150787354
119,0.20810166001319885,0.7986299395561218,-0.4456659257411957,-0.026063067838549614,0.2989232838153839,0.7247087359428406,-0.40410110354423523,1.3043841123580933,0.6894511580467224,-0.07934942096471786,1.245430588722229,-0.8775601983070374,-0.48114335536956787,-0.847612738609314,-0.3572891056537628,-0.8943607211112976,0.5681312084197998,-0.4198129177093506,0.7590363621711731,-0.29825353622436523,0.0803930014371872,-0.937146782875061,-0.3027369976043701,-0.6226934194564819,-0.7784614562988281,0.8339951634407043,0.4379434287548065,-0.37427374720573425,1.4486069679260254,0.703345000743866,-1.4511929750442505,0.5964125990867615,-0.7362422347068787,0.7111775875091553,0.17906072735786438,0.6124600768089294,0.24151743948459625,-0.6408840417861938,0.15222039818763733,-1.001392126083374
